domain,protocol,model,seed,experiment_id,in_registry,status,epochs_run,epochs_planned,best_epoch,train_seconds,n_test,predictions_sha256
ddr,frozen,ImageNet-MAE,42,lodo_aptos-eyepacs-idrid__ddr_vit-large-mae-in1k_linprobe-b256_s42,True,COMPLETE,80,200,-1,66.3,12424,0b0ad4b07d596bf64a0267a0bf662baa52cd86f1d256b4150468bd3dd7bb20d8
ddr,frozen,ImageNet-MAE,1,lodo_aptos-eyepacs-idrid__ddr_vit-large-mae-in1k_linprobe-b256_s1,True,COMPLETE,114,200,-1,89.6,12424,98f5b6eef1319ea188f47fd1b9eed852d6f40fddb0e2eb6d51627ba4c2c56625
ddr,frozen,ImageNet-MAE,2,lodo_aptos-eyepacs-idrid__ddr_vit-large-mae-in1k_linprobe-b256_s2,True,COMPLETE,126,200,-1,102.1,12424,aab63337b720c9d63d0ece956ff5606d7f1c177e89edeffe9d442982519243c7
ddr,frozen,ImageNet-MAE,3,lodo_aptos-eyepacs-idrid__ddr_vit-large-mae-in1k_linprobe-b256_s3,True,COMPLETE,129,200,-1,51.0,12424,51721c661d0e315ac2fc3b53492e0b8e8fe17a2601d1b10ead3e4eb397c34fc6
ddr,frozen,ImageNet-MAE,4,lodo_aptos-eyepacs-idrid__ddr_vit-large-mae-in1k_linprobe-b256_s4,True,COMPLETE,66,200,-1,26.7,12424,a5fed143125676d85fa1db73c042ac22ab231bdaca625e014bd4b38a916f35d5
ddr,frozen,ImageNet-MAE,5,lodo_aptos-eyepacs-idrid__ddr_vit-large-mae-in1k_linprobe-b256_s5,True,COMPLETE,152,200,-1,58.5,12424,5e32eefe2c6d5020f8ec415bdb36b91b820c60cec9437313a9469b29cfedb9f8
ddr,frozen,ImageNet-MAE,6,lodo_aptos-eyepacs-idrid__ddr_vit-large-mae-in1k_linprobe-b256_s6,True,COMPLETE,111,200,-1,42.6,12424,594c4f9847a52d3bb9b2d0e023c2f116af3152e0be16cb616b7d130e652f601f
ddr,frozen,ImageNet-MAE,7,lodo_aptos-eyepacs-idrid__ddr_vit-large-mae-in1k_linprobe-b256_s7,True,COMPLETE,64,200,-1,24.6,12424,b124be0cf97c5ec25405270675e08112766025e2b989c6250c77cc7d74a88ab1
ddr,frozen,ImageNet-MAE,8,lodo_aptos-eyepacs-idrid__ddr_vit-large-mae-in1k_linprobe-b256_s8,True,COMPLETE,110,200,-1,42.0,12424,9a9ac4dcec6927d8a26087f1811496ad5aca61f051bf7d092c154405792c602d
ddr,frozen,ImageNet-MAE,9,lodo_aptos-eyepacs-idrid__ddr_vit-large-mae-in1k_linprobe-b256_s9,True,COMPLETE,98,200,-1,37.6,12424,3d57bdb5f99de378d45e5644839fc26f11eb9c6119031f139960a2abdf104dcb
ddr,frozen,RETFound,42,lodo_aptos-eyepacs-idrid__ddr_retfound-cfp_linprobe-b256_s42,True,COMPLETE,112,200,-1,45.2,12424,681fda844bbf12dac2eab1aa9bbd0d7e7a3c6541be3c88cf37be07bde0c4f244
ddr,frozen,RETFound,1,lodo_aptos-eyepacs-idrid__ddr_retfound-cfp_linprobe-b256_s1,True,COMPLETE,197,200,-1,79.7,12424,91e280b5efc3e9b10324259287a1ab3c1999c2acad31556e8f73592c32cb9687
ddr,frozen,RETFound,2,lodo_aptos-eyepacs-idrid__ddr_retfound-cfp_linprobe-b256_s2,True,COMPLETE,200,200,-1,80.8,12424,57524af913b86e38bd7ab580ad6f09847bd401174a2d7726eb5c0fc10c493e8d
ddr,frozen,RETFound,3,lodo_aptos-eyepacs-idrid__ddr_retfound-cfp_linprobe-b256_s3,True,COMPLETE,197,200,-1,76.7,12424,ea682efe5a6a96c368dba86fb86ad86838a88b186949aceff3262a2b3c522538
ddr,frozen,RETFound,4,lodo_aptos-eyepacs-idrid__ddr_retfound-cfp_linprobe-b256_s4,True,COMPLETE,122,200,-1,48.1,12424,516ff750eb143af31d27cb98ed14d394165bd5c257106452db421b1ff8cbc4c9
ddr,frozen,RETFound,5,lodo_aptos-eyepacs-idrid__ddr_retfound-cfp_linprobe-b256_s5,True,COMPLETE,182,200,-1,70.3,12424,8513336fe210af56b4789e495da9349b316feadf90b9d53d56a3cc4301ea869f
ddr,frozen,RETFound,6,lodo_aptos-eyepacs-idrid__ddr_retfound-cfp_linprobe-b256_s6,True,COMPLETE,196,200,-1,74.6,12424,5023e3d06bca4f89c923a0855ecc7425a620ab675dd2053c012fbcb07df37672
ddr,frozen,RETFound,7,lodo_aptos-eyepacs-idrid__ddr_retfound-cfp_linprobe-b256_s7,True,COMPLETE,182,200,-1,70.0,12424,4626834d67b518a0829a9724cac9572c4f191867662076b2f1ee506525312907
ddr,frozen,RETFound,8,lodo_aptos-eyepacs-idrid__ddr_retfound-cfp_linprobe-b256_s8,True,COMPLETE,193,200,-1,73.4,12424,9c343d703cfbb648f8979eab49ccd105e8ccc6abe7f8f64ec36152558025690f
ddr,frozen,RETFound,9,lodo_aptos-eyepacs-idrid__ddr_retfound-cfp_linprobe-b256_s9,True,COMPLETE,187,200,-1,71.0,12424,e5981dda0704286bbda99c5977f696bfbb8e4decf925b14f05ce043c035ce2ec
ddr,partial,ImageNet-MAE,42,lodo_aptos-eyepacs-idrid__ddr_vit-large-mae-in1k_erm-b16-tb4-lr0.0001_s42,True,COMPLETE,15,20,8,4474.1,12424,9eae9383e8270adfd6fdedb72179aa815f1e529891604d606704ac0cb3ec1363
ddr,partial,ImageNet-MAE,1,lodo_aptos-eyepacs-idrid__ddr_vit-large-mae-in1k_erm-b16-tb4-lr0.0001_s1,True,COMPLETE,18,20,11,5341.0,12424,e46b7693201af5d167157da5df49bdce4f4a83ac73721948badb07361be08d1a
ddr,partial,ImageNet-MAE,2,lodo_aptos-eyepacs-idrid__ddr_vit-large-mae-in1k_erm-b16-tb4-lr0.0001_s2,True,COMPLETE,16,20,9,4726.0,12424,cd63ca29a1a3591f8ac742b6f84dab8d00dc67f06d9e93da2979c4d32ca612d8
ddr,partial,ImageNet-MAE,3,lodo_aptos-eyepacs-idrid__ddr_vit-large-mae-in1k_erm-b16-tb4-lr0.0001_s3,True,COMPLETE,1,20,12,309.2,12424,32c9b2410dbc1e0a1c721d33ff1f7325cbba8120ebd24ecd4f06df75fa14767e
ddr,partial,ImageNet-MAE,4,lodo_aptos-eyepacs-idrid__ddr_vit-large-mae-in1k_erm-b16-tb4-lr0.0001_s4,True,COMPLETE,2,20,12,611.1,12424,612a44fce6f7b5f127415c741d2d2a928cf596327c35cd442d49dda0441d4134
ddr,partial,RETFound,42,lodo_aptos-eyepacs-idrid__ddr_retfound-cfp_erm-b16-tb4-lr0.0001_s42,True,COMPLETE,17,20,10,5019.5,12424,5ee28d972e20dc6fd65d53098aebec0cf35229dbe139e2dbcc0075e73fe443e3
ddr,partial,RETFound,1,lodo_aptos-eyepacs-idrid__ddr_retfound-cfp_erm-b16-tb4-lr0.0001_s1,True,COMPLETE,15,20,8,4420.7,12424,247c7c5efb0927f1c3cb778caa874e55ec5d9e248e6f0675b6ca29cdfbc019c6
ddr,partial,RETFound,2,lodo_aptos-eyepacs-idrid__ddr_retfound-cfp_erm-b16-tb4-lr0.0001_s2,True,COMPLETE,13,20,6,3850.1,12424,4275dd4ce81dd45c1f26a1f918502c37356d0e211e3c9da88be7be8a5e6f7b35
ddr,partial,RETFound,3,lodo_aptos-eyepacs-idrid__ddr_retfound-cfp_erm-b16-tb4-lr0.0001_s3,True,COMPLETE,14,20,7,4148.2,12424,785b2d2eaecbb2b352997ef2c0ac95644f560f08982338406cb13cd5a1f268af
ddr,partial,RETFound,4,lodo_aptos-eyepacs-idrid__ddr_retfound-cfp_erm-b16-tb4-lr0.0001_s4,True,COMPLETE,14,20,7,4148.8,12424,e9c73e1008ee2b8188543f3385e69d10a0174013d98596a847d727a86aaa5b30
ddr,full,ImageNet-MAE,42,lodo_aptos-eyepacs-idrid__ddr_vit-large-mae-in1k_erm-b16-ftfull-lr0.0001_s42,True,COMPLETE,20,20,16,17286.2,12424,37cfad723e4399fd8d8091abf722db20331bbde13dd5d74443d3540c0c44fa1d
ddr,full,ImageNet-MAE,1,lodo_aptos-eyepacs-idrid__ddr_vit-large-mae-in1k_erm-b16-ftfull-lr0.0001_s1,True,COMPLETE,20,20,18,17173.3,12424,5d750b113de2093657badfd1bc0994947beba6904473de1c78c10f8caf65b96e
ddr,full,ImageNet-MAE,2,lodo_aptos-eyepacs-idrid__ddr_vit-large-mae-in1k_erm-b16-ftfull-lr0.0001_s2,True,COMPLETE,20,20,16,17181.3,12424,71d2edfb46dc85b07b4a2d7a22e1d37737bc195603af5f3c00df2b86209e6588
ddr,full,ImageNet-MAE,3,lodo_aptos-eyepacs-idrid__ddr_vit-large-mae-in1k_erm-b16-ftfull-lr0.0001_s3,True,COMPLETE,20,20,19,17324.5,12424,34f7063a850c6cc0c451abad958df7c8f918d254a766431d50a678601e96783c
ddr,full,ImageNet-MAE,4,lodo_aptos-eyepacs-idrid__ddr_vit-large-mae-in1k_erm-b16-ftfull-lr0.0001_s4,True,COMPLETE,20,20,19,17280.4,12424,052ecde243f12664a2f051ddbfe6f69e033c3d6adac50a0c5e85eefbf9f9300a
ddr,full,RETFound,42,lodo_aptos-eyepacs-idrid__ddr_retfound-cfp_erm-b16-ftfull-lr0.0001_s42,True,COMPLETE,17,20,10,14642.0,12424,d510fac59f7d0e16c582454dd76b7a7081cafb81add56764762a57ae31768bb2
ddr,full,RETFound,1,lodo_aptos-eyepacs-idrid__ddr_retfound-cfp_erm-b16-ftfull-lr0.0001_s1,True,COMPLETE,13,20,6,11249.7,12424,397c2216f37621951dd3121cca66cb38c3250b41e33f610f5d578293c84011e2
ddr,full,RETFound,2,lodo_aptos-eyepacs-idrid__ddr_retfound-cfp_erm-b16-ftfull-lr0.0001_s2,True,COMPLETE,16,20,9,13895.2,12424,8635e42606aebf8251ad291d4e5c6620f5571c8c44a270feb24bdafec234d6e7
ddr,full,RETFound,3,lodo_aptos-eyepacs-idrid__ddr_retfound-cfp_erm-b16-ftfull-lr0.0001_s3,True,COMPLETE,17,20,10,14659.2,12424,a65e179fc2ac4ec2420d70a035585f2943213c6d9440e435118cfbdc44202376
ddr,full,RETFound,4,lodo_aptos-eyepacs-idrid__ddr_retfound-cfp_erm-b16-ftfull-lr0.0001_s4,True,COMPLETE,15,20,8,13119.1,12424,46d63ea139fff155e3b0e3dac552991b5e0c7554a04a3257a5b811e858b1b529
aptos,frozen,ImageNet-MAE,42,lodo_ddr-eyepacs-idrid__aptos_vit-large-mae-in1k_linprobe-b256_s42,True,COMPLETE,163,200,-1,161.4,3504,85b13c10d9f6fb7a3b1fdab0f0fc79e2fbf487bd024b8644894102c8e14e27de
aptos,frozen,ImageNet-MAE,1,lodo_ddr-eyepacs-idrid__aptos_vit-large-mae-in1k_linprobe-b256_s1,True,COMPLETE,81,200,-1,79.8,3504,709cb38175f4fce3708ccd1c570dff635b68d173b03bf0df319415cdf4284c42
aptos,frozen,ImageNet-MAE,2,lodo_ddr-eyepacs-idrid__aptos_vit-large-mae-in1k_linprobe-b256_s2,True,COMPLETE,181,200,-1,178.6,3504,ad55353db455abee2e27506765accaa4b11ff68e90a591225fe19dee88a17fb8
aptos,frozen,ImageNet-MAE,3,lodo_ddr-eyepacs-idrid__aptos_vit-large-mae-in1k_linprobe-b256_s3,True,COMPLETE,159,200,-1,77.7,3504,2ebfc034f458c1de039dd5d9db048051abb870c74a9222bb5bfd86dcdae56cfa
aptos,frozen,ImageNet-MAE,4,lodo_ddr-eyepacs-idrid__aptos_vit-large-mae-in1k_linprobe-b256_s4,True,COMPLETE,161,200,-1,78.1,3504,a237ed8c6ba5ec52726bfe99f63e45e96a2bdab73c805220200602ea2759ff22
aptos,frozen,ImageNet-MAE,5,lodo_ddr-eyepacs-idrid__aptos_vit-large-mae-in1k_linprobe-b256_s5,True,COMPLETE,80,200,-1,42.2,3504,8958b1c4e06daa2cb2ec36a39860e7fb60bacc71fa78c2044c76b895ed9f6139
aptos,frozen,ImageNet-MAE,6,lodo_ddr-eyepacs-idrid__aptos_vit-large-mae-in1k_linprobe-b256_s6,True,COMPLETE,83,200,-1,44.1,3504,21a21ac79d680ca2ef6dc3f3082cb11ffd23bf4f335216643aff00bebb7d5fe1
aptos,frozen,ImageNet-MAE,7,lodo_ddr-eyepacs-idrid__aptos_vit-large-mae-in1k_linprobe-b256_s7,True,COMPLETE,86,200,-1,45.7,3504,e74beda4dca0c05cc06519075bdc2a6bb5af3db4b74d6d505b83616fcf668afe
aptos,frozen,ImageNet-MAE,8,lodo_ddr-eyepacs-idrid__aptos_vit-large-mae-in1k_linprobe-b256_s8,True,COMPLETE,97,200,-1,51.7,3504,ece22e494607c0a6c60eb625697b27533a3bfe48b90ffa632f9eea8406b39fca
aptos,frozen,ImageNet-MAE,9,lodo_ddr-eyepacs-idrid__aptos_vit-large-mae-in1k_linprobe-b256_s9,True,COMPLETE,75,200,-1,40.2,3504,ed1e4523c4898c7ba2948714244a1c612e9a4d7fb5bc7533e310ef7fe2b3feb8
aptos,frozen,RETFound,42,lodo_ddr-eyepacs-idrid__aptos_retfound-cfp_linprobe-b256_s42,True,COMPLETE,183,200,-1,92.0,3504,e9178c1db3aa178d20b1edec6f0c003f37916e07bfc7a0cd5c7ca45b14fd1257
aptos,frozen,RETFound,1,lodo_ddr-eyepacs-idrid__aptos_retfound-cfp_linprobe-b256_s1,True,COMPLETE,107,200,-1,54.1,3504,88227723f779e2ec13dc76b61e124272b70ff3b52c4b2ce8c162cdbf74e28b3d
aptos,frozen,RETFound,2,lodo_ddr-eyepacs-idrid__aptos_retfound-cfp_linprobe-b256_s2,True,COMPLETE,183,200,-1,93.6,3504,f99e5fe9d5dc903d25711a2e0febb3a39c2452accfdd657cb8a84509434a986d
aptos,frozen,RETFound,3,lodo_ddr-eyepacs-idrid__aptos_retfound-cfp_linprobe-b256_s3,True,COMPLETE,163,200,-1,78.2,3504,1d9d6bbba9bb461c4ecf1a53dcdf097ea39a4e9baf1e41b572f0f7c1fd0260fa
aptos,frozen,RETFound,4,lodo_ddr-eyepacs-idrid__aptos_retfound-cfp_linprobe-b256_s4,True,COMPLETE,129,200,-1,62.3,3504,96e52732efab7040247f0eb7c465fde384714d0cc937e525c7be832dc2077763
aptos,frozen,RETFound,5,lodo_ddr-eyepacs-idrid__aptos_retfound-cfp_linprobe-b256_s5,True,COMPLETE,75,200,-1,40.2,3504,63a8dc59530663333541e7762fedc0bff429c1a4c57d3815147085c6c3ca0f3e
aptos,frozen,RETFound,6,lodo_ddr-eyepacs-idrid__aptos_retfound-cfp_linprobe-b256_s6,True,COMPLETE,200,200,-1,110.2,3504,ee8554846091dca4453d0d0121beb1c666eca8dc82d6600aff77093a0c414ace
aptos,frozen,RETFound,7,lodo_ddr-eyepacs-idrid__aptos_retfound-cfp_linprobe-b256_s7,True,COMPLETE,200,200,-1,107.5,3504,ff9e551b0a122376d7b6cab88d72987e7ef4e16bc165b3e4d05bcc9b81412e8d
aptos,frozen,RETFound,8,lodo_ddr-eyepacs-idrid__aptos_retfound-cfp_linprobe-b256_s8,True,COMPLETE,143,200,-1,76.9,3504,bd219644144cc2a3c900c53a9fe0700533e08fbd10f7d95edcd3f70763e14bda
aptos,frozen,RETFound,9,lodo_ddr-eyepacs-idrid__aptos_retfound-cfp_linprobe-b256_s9,True,COMPLETE,194,200,-1,104.8,3504,90546d96e18cb5142298090cc85faaa66e0bdb9bf3fb6ebe8456498e465df323
aptos,partial,ImageNet-MAE,42,lodo_ddr-eyepacs-idrid__aptos_vit-large-mae-in1k_erm-b16-tb4-lr0.0001_s42,True,COMPLETE,2,20,11,764.8,3504,22ef653b010f3e9546bc580060a6df571af461db7ef5903774576d2a0bc5e52a
aptos,partial,ImageNet-MAE,1,lodo_ddr-eyepacs-idrid__aptos_vit-large-mae-in1k_erm-b16-tb4-lr0.0001_s1,True,COMPLETE,0,20,13,0.0,3504,1b5e2d3390c2525616eb65ae58febadb1633cfa7f5314bee4bd1e2b6e381fd7d
aptos,partial,ImageNet-MAE,2,lodo_ddr-eyepacs-idrid__aptos_vit-large-mae-in1k_erm-b16-tb4-lr0.0001_s2,True,COMPLETE,5,20,14,1915.8,3504,4aae6daa41a7c520578492c68a0d977671752f18fd57ab6d6fe219096f2a690f
aptos,partial,ImageNet-MAE,3,lodo_ddr-eyepacs-idrid__aptos_vit-large-mae-in1k_erm-b16-tb4-lr0.0001_s3,True,COMPLETE,20,20,15,7194.7,3504,cccc3a1a548b93668627eca15756926d0b4759e4c28c19db9c6a41ccd146e261
aptos,partial,ImageNet-MAE,4,lodo_ddr-eyepacs-idrid__aptos_vit-large-mae-in1k_erm-b16-tb4-lr0.0001_s4,True,COMPLETE,14,20,7,5021.9,3504,5b8677d74763c97b52978650337d484e35cb181890a6905c10f382246652c72f
aptos,partial,RETFound,42,lodo_ddr-eyepacs-idrid__aptos_retfound-cfp_erm-b16-tb4-lr0.0001_s42,True,COMPLETE,11,20,4,3975.4,3504,d719a93712c30f369544494b4d798cace5828b08facf7b9801d9bbe9c43dd989
aptos,partial,RETFound,1,lodo_ddr-eyepacs-idrid__aptos_retfound-cfp_erm-b16-tb4-lr0.0001_s1,True,COMPLETE,14,20,7,5042.2,3504,bd8f75eb39e29ebb1b1c586c0106b291b5870f4a0c05b33bedb653d19e28d1d3
aptos,partial,RETFound,2,lodo_ddr-eyepacs-idrid__aptos_retfound-cfp_erm-b16-tb4-lr0.0001_s2,True,COMPLETE,13,20,6,4667.2,3504,d4cac1e07a0f1e58a9d352c578d83668ea62d4e5bcb2c11c795cd9ecd7bc85d8
aptos,partial,RETFound,3,lodo_ddr-eyepacs-idrid__aptos_retfound-cfp_erm-b16-tb4-lr0.0001_s3,True,COMPLETE,14,20,7,5034.0,3504,85c2da1ce2efd15474122fe628c2919045f920b6af091c99d1ec127045fba9d3
aptos,partial,RETFound,4,lodo_ddr-eyepacs-idrid__aptos_retfound-cfp_erm-b16-tb4-lr0.0001_s4,True,COMPLETE,13,20,6,4681.4,3504,f414d6dfbce239354fac21d25d01a183b40298a6f2be63d16668cefa76b2a34e
aptos,full,ImageNet-MAE,42,lodo_ddr-eyepacs-idrid__aptos_vit-large-mae-in1k_erm-b16-ftfull-lr0.0001_s42,True,COMPLETE,20,20,19,20929.2,3504,bbde2e4fc4760526e850c90c215637d0aee558e815d6d752d7d667cdd45292ce
aptos,full,ImageNet-MAE,1,lodo_ddr-eyepacs-idrid__aptos_vit-large-mae-in1k_erm-b16-ftfull-lr0.0001_s1,True,COMPLETE,20,20,17,20758.4,3504,6e1df49ea18c571b05fe608093dd626cdbbaefcb75c254843830a196511fe47d
aptos,full,ImageNet-MAE,2,lodo_ddr-eyepacs-idrid__aptos_vit-large-mae-in1k_erm-b16-ftfull-lr0.0001_s2,True,COMPLETE,20,20,18,21051.0,3504,0649480696439064e9e121337cd64b8471f87cdfae92c6c236fac586ca12f58f
aptos,full,ImageNet-MAE,3,lodo_ddr-eyepacs-idrid__aptos_vit-large-mae-in1k_erm-b16-ftfull-lr0.0001_s3,True,COMPLETE,20,20,17,20951.1,3504,42dae934f80dc0ed949c58fe4ede31cc02509354447f77ecd5a55469232759e0
aptos,full,ImageNet-MAE,4,lodo_ddr-eyepacs-idrid__aptos_vit-large-mae-in1k_erm-b16-ftfull-lr0.0001_s4,True,COMPLETE,20,20,19,21088.8,3504,9042feeb956d0c39a21ce430f232bc5cb3e447a0cbabc5bfdae680f6f6615d5c
aptos,full,RETFound,42,lodo_ddr-eyepacs-idrid__aptos_retfound-cfp_erm-b16-ftfull-lr0.0001_s42,True,COMPLETE,14,20,7,14610.9,3504,15ab20c5f6fcbcabe8997196e571771b9ae250d9b5caf3c3fe68cf9abd081d65
aptos,full,RETFound,1,lodo_ddr-eyepacs-idrid__aptos_retfound-cfp_erm-b16-ftfull-lr0.0001_s1,True,COMPLETE,19,20,12,19840.4,3504,b222a60717df467c93c75a20b75ad30162ef8591ff9cd932e8ed0677ce39a716
aptos,full,RETFound,2,lodo_ddr-eyepacs-idrid__aptos_retfound-cfp_erm-b16-ftfull-lr0.0001_s2,True,COMPLETE,15,20,8,15748.5,3504,eb1c0692c5aaec8682a90343fb652f821ad9173a0462f9eabd62eb3fa26db314
aptos,full,RETFound,3,lodo_ddr-eyepacs-idrid__aptos_retfound-cfp_erm-b16-ftfull-lr0.0001_s3,True,COMPLETE,14,20,7,14588.0,3504,434d2b516a2824ad2671b705f823171c1c1618008433f31ab32a7b4981f421aa
aptos,full,RETFound,4,lodo_ddr-eyepacs-idrid__aptos_retfound-cfp_erm-b16-ftfull-lr0.0001_s4,True,COMPLETE,19,20,12,19834.0,3504,0000bff82ccf184fd8d913c7fe2b6f30a741812aa0406f97f8b2f11e4c515f26
idrid,frozen,ImageNet-MAE,42,lodo_aptos-ddr-eyepacs__idrid_vit-large-mae-in1k_linprobe-b256_s42,True,COMPLETE,80,200,-1,83.5,507,f16d925619f0ca6dafb28b827002336e6c8e6a53eb0be58a4548e7585e2c4032
idrid,frozen,ImageNet-MAE,1,lodo_aptos-ddr-eyepacs__idrid_vit-large-mae-in1k_linprobe-b256_s1,True,COMPLETE,200,200,-1,208.0,507,ad4ff3e83984ef736a2445ab89169fef0c7d209a123dfc0b7bc821fbd949c7a5
idrid,frozen,ImageNet-MAE,2,lodo_aptos-ddr-eyepacs__idrid_vit-large-mae-in1k_linprobe-b256_s2,True,COMPLETE,200,200,-1,209.6,507,eb0a05d06d7284e083bf9c946fef540b73c498f5e29b388862b65e9cc0b0f466
idrid,frozen,ImageNet-MAE,3,lodo_aptos-ddr-eyepacs__idrid_vit-large-mae-in1k_linprobe-b256_s3,True,COMPLETE,193,200,-1,100.9,507,9d4241bb13f7b364b925e794d4a96da6adcd93fdfffc7c94f920aabf9f331eae
idrid,frozen,ImageNet-MAE,4,lodo_aptos-ddr-eyepacs__idrid_vit-large-mae-in1k_linprobe-b256_s4,True,COMPLETE,163,200,-1,85.0,507,b3f2eed36a04c72b84cec6c2e39d2c04a3f24189ced15d6e860530fb9666805c
idrid,frozen,ImageNet-MAE,5,lodo_aptos-ddr-eyepacs__idrid_vit-large-mae-in1k_linprobe-b256_s5,True,COMPLETE,97,200,-1,55.2,507,3ff71d3d1d6cbe19288ab57244448f44030dcbf91f153c3d4ef9e662fe8b058d
idrid,frozen,ImageNet-MAE,6,lodo_aptos-ddr-eyepacs__idrid_vit-large-mae-in1k_linprobe-b256_s6,True,COMPLETE,144,200,-1,82.0,507,d87161388026adbb131c700671b21fe7e9dfb620504dd8d78ea5226e3c954ab4
idrid,frozen,ImageNet-MAE,7,lodo_aptos-ddr-eyepacs__idrid_vit-large-mae-in1k_linprobe-b256_s7,True,COMPLETE,83,200,-1,47.6,507,f08405d836bdba14a498fed74525d3e465cf7fffa68afb5b27b35290e6946a97
idrid,frozen,ImageNet-MAE,8,lodo_aptos-ddr-eyepacs__idrid_vit-large-mae-in1k_linprobe-b256_s8,True,COMPLETE,193,200,-1,109.9,507,dad4716f76c1ac528e997fad0018853d9ac0be7b97355fafbcd5817359740c7f
idrid,frozen,ImageNet-MAE,9,lodo_aptos-ddr-eyepacs__idrid_vit-large-mae-in1k_linprobe-b256_s9,True,COMPLETE,73,200,-1,42.6,507,a79202f0e3f0e4709a73433a23d96f64e3b843516a7e58a4e21c5a0efbab9b6d
idrid,frozen,RETFound,42,lodo_aptos-ddr-eyepacs__idrid_retfound-cfp_linprobe-b256_s42,True,COMPLETE,107,200,-1,57.6,507,71c2dd58dc96e2c56d725bbc1a0ae5322ef7acc3c0c74308f4e804f8fa699c52
idrid,frozen,RETFound,1,lodo_aptos-ddr-eyepacs__idrid_retfound-cfp_linprobe-b256_s1,True,COMPLETE,200,200,-1,108.7,507,44f9e0b307e00d75f0075b3d267be1a59d7ffd0f28b2e0521f4b499342be3de8
idrid,frozen,RETFound,2,lodo_aptos-ddr-eyepacs__idrid_retfound-cfp_linprobe-b256_s2,True,COMPLETE,200,200,-1,106.4,507,3b1752b235f398c22e5370c979413a73933d3990751941f3e58a2dc4c290321a
idrid,frozen,RETFound,3,lodo_aptos-ddr-eyepacs__idrid_retfound-cfp_linprobe-b256_s3,True,COMPLETE,105,200,-1,55.1,507,ed3833cbfc215e4473821ebd72ac81ad9193d2c4b6903ee3e0445c77ab57a67c
idrid,frozen,RETFound,4,lodo_aptos-ddr-eyepacs__idrid_retfound-cfp_linprobe-b256_s4,True,COMPLETE,111,200,-1,57.3,507,7b0e2d2280e41183dd727a1529d32d173d2d8dc7fa86c6b07727b1ccd56df039
idrid,frozen,RETFound,5,lodo_aptos-ddr-eyepacs__idrid_retfound-cfp_linprobe-b256_s5,True,COMPLETE,96,200,-1,55.9,507,02d1c52b7c0d3d8b106c58f7bcb4161b622de43f23cb1a0ea84526a9dc9c08de
idrid,frozen,RETFound,6,lodo_aptos-ddr-eyepacs__idrid_retfound-cfp_linprobe-b256_s6,True,COMPLETE,144,200,-1,84.8,507,6f25fd38b03f1b6fd0c2251a8f0a07d3cd1414bedb5f3bfa949237655886a57e
idrid,frozen,RETFound,7,lodo_aptos-ddr-eyepacs__idrid_retfound-cfp_linprobe-b256_s7,True,COMPLETE,198,200,-1,115.0,507,8e796c50fc6c256f861d1758be61377969031f4f1bf051d3a0965ef8034a9c3d
idrid,frozen,RETFound,8,lodo_aptos-ddr-eyepacs__idrid_retfound-cfp_linprobe-b256_s8,True,COMPLETE,200,200,-1,115.3,507,5ac2534bae3ed8f47df2e69f4ddf90ff2f4f6db964367509c1321c61fe65bd75
idrid,frozen,RETFound,9,lodo_aptos-ddr-eyepacs__idrid_retfound-cfp_linprobe-b256_s9,True,COMPLETE,121,200,-1,69.2,507,265bd57f9e34bc6232b715572b958a2daa04e89284e7ed2115ef8256b4230961
idrid,partial,ImageNet-MAE,42,lodo_aptos-ddr-eyepacs__idrid_vit-large-mae-in1k_erm-b16-tb4-lr0.0001_s42,True,COMPLETE,20,20,14,7660.4,507,965af0e5fb9a6462dc432708e5506f4e361ccc08b3461a2a22c9acc76126d58d
idrid,partial,ImageNet-MAE,1,lodo_aptos-ddr-eyepacs__idrid_vit-large-mae-in1k_erm-b16-tb4-lr0.0001_s1,True,COMPLETE,17,20,10,6529.0,507,8500ca6d2f96ac6f634b16c456d6878a9388124b802dedf2f91e6598d4451a44
idrid,partial,ImageNet-MAE,2,lodo_aptos-ddr-eyepacs__idrid_vit-large-mae-in1k_erm-b16-tb4-lr0.0001_s2,True,COMPLETE,15,20,8,5772.8,507,a0d7d9d012bae351d71dfcf72548b8fc16ebbbc176205ebcf2869a065ab0a61a
idrid,partial,ImageNet-MAE,3,lodo_aptos-ddr-eyepacs__idrid_vit-large-mae-in1k_erm-b16-tb4-lr0.0001_s3,True,COMPLETE,13,20,6,4958.9,507,955db2c62891d49043f450d3cc653a8a5015e0c07d03e02237de75e2819eb5e4
idrid,partial,ImageNet-MAE,4,lodo_aptos-ddr-eyepacs__idrid_vit-large-mae-in1k_erm-b16-tb4-lr0.0001_s4,True,COMPLETE,18,20,11,6888.5,507,f545f092889d5be5b2cb8532fa6463ef45cd9b1079ec72d2b63855325c486a08
idrid,partial,RETFound,42,lodo_aptos-ddr-eyepacs__idrid_retfound-cfp_erm-b16-tb4-lr0.0001_s42,True,COMPLETE,14,20,7,5387.4,507,849c0a1a29fadc805dbcc2eff898105a4b9e034e126062bba32b07452f5dde6d
idrid,partial,RETFound,1,lodo_aptos-ddr-eyepacs__idrid_retfound-cfp_erm-b16-tb4-lr0.0001_s1,True,COMPLETE,15,20,8,5756.1,507,69d7763949331d61441a1eb40529e968bd66c23216e3d6ff9dcad2e382c912b8
idrid,partial,RETFound,2,lodo_aptos-ddr-eyepacs__idrid_retfound-cfp_erm-b16-tb4-lr0.0001_s2,True,COMPLETE,16,20,9,6158.1,507,653f8662988916741133da092179841d88d760e74c5ad137f569bff5365b6dac
idrid,partial,RETFound,3,lodo_aptos-ddr-eyepacs__idrid_retfound-cfp_erm-b16-tb4-lr0.0001_s3,True,COMPLETE,13,20,6,5001.7,507,d2eb98e708139fb39a8ecd14bfd771524754a58da385314c893a3834a0263990
idrid,partial,RETFound,4,lodo_aptos-ddr-eyepacs__idrid_retfound-cfp_erm-b16-tb4-lr0.0001_s4,True,COMPLETE,16,20,9,6128.4,507,ca878d8756e0d64c731574bb92afb081b1cfe390194d4a12bad44b9cd7e3ab81
