artifact,role,size_bytes,sha256,source_run,required_for
predictions\lodo_aptos-eyepacs-idrid__ddr_vit-large-mae-in1k_linprobe-b256_s42__target_test[ddr]_predictions.csv,predictions,2371104,0b0ad4b07d596bf64a0267a0bf662baa52cd86f1d256b4150468bd3dd7bb20d8,lodo_aptos-eyepacs-idrid__ddr_vit-large-mae-in1k_linprobe-b256_s42,primary interaction; master results; referable-DR secondary
configs\lodo_aptos-eyepacs-idrid__ddr_vit-large-mae-in1k_linprobe-b256_s42_evaluation.json,config/report,9134,dd9d42280e6bf6a2f4ffcf490b2b5e9e1dbd0c391b0b620d45a9d70b5bc189f4,lodo_aptos-eyepacs-idrid__ddr_vit-large-mae-in1k_linprobe-b256_s42,"temperature, config, recorded metrics"
predictions\lodo_aptos-eyepacs-idrid__ddr_vit-large-mae-in1k_linprobe-b256_s1__target_test[ddr]_predictions.csv,predictions,2374959,98f5b6eef1319ea188f47fd1b9eed852d6f40fddb0e2eb6d51627ba4c2c56625,lodo_aptos-eyepacs-idrid__ddr_vit-large-mae-in1k_linprobe-b256_s1,primary interaction; master results; referable-DR secondary
configs\lodo_aptos-eyepacs-idrid__ddr_vit-large-mae-in1k_linprobe-b256_s1_evaluation.json,config/report,9151,db75b94eb4c8276f88de4c6a427e0c9aa74a4813d892356c4235b0c7244356a3,lodo_aptos-eyepacs-idrid__ddr_vit-large-mae-in1k_linprobe-b256_s1,"temperature, config, recorded metrics"
predictions\lodo_aptos-eyepacs-idrid__ddr_vit-large-mae-in1k_linprobe-b256_s2__target_test[ddr]_predictions.csv,predictions,2376290,aab63337b720c9d63d0ece956ff5606d7f1c177e89edeffe9d442982519243c7,lodo_aptos-eyepacs-idrid__ddr_vit-large-mae-in1k_linprobe-b256_s2,primary interaction; master results; referable-DR secondary
configs\lodo_aptos-eyepacs-idrid__ddr_vit-large-mae-in1k_linprobe-b256_s2_evaluation.json,config/report,9146,aa240d46693fdf21709f80a327331541f6184a087f944f100f0b46e5ce841f7e,lodo_aptos-eyepacs-idrid__ddr_vit-large-mae-in1k_linprobe-b256_s2,"temperature, config, recorded metrics"
predictions\lodo_aptos-eyepacs-idrid__ddr_vit-large-mae-in1k_linprobe-b256_s3__target_test[ddr]_predictions.csv,predictions,2374701,51721c661d0e315ac2fc3b53492e0b8e8fe17a2601d1b10ead3e4eb397c34fc6,lodo_aptos-eyepacs-idrid__ddr_vit-large-mae-in1k_linprobe-b256_s3,primary interaction; master results; referable-DR secondary
configs\lodo_aptos-eyepacs-idrid__ddr_vit-large-mae-in1k_linprobe-b256_s3_evaluation.json,config/report,9150,a03c5469c37a57952d63db9bce740ebdf72d713f4c71e27ef992ee4ca2ac89d3,lodo_aptos-eyepacs-idrid__ddr_vit-large-mae-in1k_linprobe-b256_s3,"temperature, config, recorded metrics"
predictions\lodo_aptos-eyepacs-idrid__ddr_vit-large-mae-in1k_linprobe-b256_s4__target_test[ddr]_predictions.csv,predictions,2365649,a5fed143125676d85fa1db73c042ac22ab231bdaca625e014bd4b38a916f35d5,lodo_aptos-eyepacs-idrid__ddr_vit-large-mae-in1k_linprobe-b256_s4,primary interaction; master results; referable-DR secondary
configs\lodo_aptos-eyepacs-idrid__ddr_vit-large-mae-in1k_linprobe-b256_s4_evaluation.json,config/report,9136,0d3b3709d3c622e0b865760192ad33775a60a6ab047a7e98b53de8e8791b32e2,lodo_aptos-eyepacs-idrid__ddr_vit-large-mae-in1k_linprobe-b256_s4,"temperature, config, recorded metrics"
predictions\lodo_aptos-eyepacs-idrid__ddr_vit-large-mae-in1k_linprobe-b256_s5__target_test[ddr]_predictions.csv,predictions,2373969,5e32eefe2c6d5020f8ec415bdb36b91b820c60cec9437313a9469b29cfedb9f8,lodo_aptos-eyepacs-idrid__ddr_vit-large-mae-in1k_linprobe-b256_s5,primary interaction; master results; referable-DR secondary
configs\lodo_aptos-eyepacs-idrid__ddr_vit-large-mae-in1k_linprobe-b256_s5_evaluation.json,config/report,9147,8dc9e5520ee5cc2b6feb4be45d1712bed42ca75dace218a50d859a3015cda2d3,lodo_aptos-eyepacs-idrid__ddr_vit-large-mae-in1k_linprobe-b256_s5,"temperature, config, recorded metrics"
predictions\lodo_aptos-eyepacs-idrid__ddr_vit-large-mae-in1k_linprobe-b256_s6__target_test[ddr]_predictions.csv,predictions,2378704,594c4f9847a52d3bb9b2d0e023c2f116af3152e0be16cb616b7d130e652f601f,lodo_aptos-eyepacs-idrid__ddr_vit-large-mae-in1k_linprobe-b256_s6,primary interaction; master results; referable-DR secondary
configs\lodo_aptos-eyepacs-idrid__ddr_vit-large-mae-in1k_linprobe-b256_s6_evaluation.json,config/report,9125,cf64ccc0a914a582960d6bcdb541c46c3a224f8239aa30161224efdb2f27d512,lodo_aptos-eyepacs-idrid__ddr_vit-large-mae-in1k_linprobe-b256_s6,"temperature, config, recorded metrics"
predictions\lodo_aptos-eyepacs-idrid__ddr_vit-large-mae-in1k_linprobe-b256_s7__target_test[ddr]_predictions.csv,predictions,2365443,b124be0cf97c5ec25405270675e08112766025e2b989c6250c77cc7d74a88ab1,lodo_aptos-eyepacs-idrid__ddr_vit-large-mae-in1k_linprobe-b256_s7,primary interaction; master results; referable-DR secondary
configs\lodo_aptos-eyepacs-idrid__ddr_vit-large-mae-in1k_linprobe-b256_s7_evaluation.json,config/report,9142,d280570309b6dfbc7cf4d4164c2fe22058d5e854ec6c67dc6dfffa97724c2ac9,lodo_aptos-eyepacs-idrid__ddr_vit-large-mae-in1k_linprobe-b256_s7,"temperature, config, recorded metrics"
predictions\lodo_aptos-eyepacs-idrid__ddr_vit-large-mae-in1k_linprobe-b256_s8__target_test[ddr]_predictions.csv,predictions,2384772,9a9ac4dcec6927d8a26087f1811496ad5aca61f051bf7d092c154405792c602d,lodo_aptos-eyepacs-idrid__ddr_vit-large-mae-in1k_linprobe-b256_s8,primary interaction; master results; referable-DR secondary
configs\lodo_aptos-eyepacs-idrid__ddr_vit-large-mae-in1k_linprobe-b256_s8_evaluation.json,config/report,9128,956f974fe6418dc6933825f2e0cb0a065472c0c3c79bb6a8c0a6aca990097e62,lodo_aptos-eyepacs-idrid__ddr_vit-large-mae-in1k_linprobe-b256_s8,"temperature, config, recorded metrics"
predictions\lodo_aptos-eyepacs-idrid__ddr_vit-large-mae-in1k_linprobe-b256_s9__target_test[ddr]_predictions.csv,predictions,2373587,3d57bdb5f99de378d45e5644839fc26f11eb9c6119031f139960a2abdf104dcb,lodo_aptos-eyepacs-idrid__ddr_vit-large-mae-in1k_linprobe-b256_s9,primary interaction; master results; referable-DR secondary
configs\lodo_aptos-eyepacs-idrid__ddr_vit-large-mae-in1k_linprobe-b256_s9_evaluation.json,config/report,9146,ea26922b898b624af735ac05d7248f353fe078703f3b9d786273917e567b0911,lodo_aptos-eyepacs-idrid__ddr_vit-large-mae-in1k_linprobe-b256_s9,"temperature, config, recorded metrics"
predictions\lodo_aptos-eyepacs-idrid__ddr_retfound-cfp_linprobe-b256_s42__target_test[ddr]_predictions.csv,predictions,2376106,681fda844bbf12dac2eab1aa9bbd0d7e7a3c6541be3c88cf37be07bde0c4f244,lodo_aptos-eyepacs-idrid__ddr_retfound-cfp_linprobe-b256_s42,primary interaction; master results; referable-DR secondary
configs\lodo_aptos-eyepacs-idrid__ddr_retfound-cfp_linprobe-b256_s42_evaluation.json,config/report,9241,a8249f6e0aba376bc51c84c885fcc7de507cf28cdc29f3aae6aa829e8f52950d,lodo_aptos-eyepacs-idrid__ddr_retfound-cfp_linprobe-b256_s42,"temperature, config, recorded metrics"
predictions\lodo_aptos-eyepacs-idrid__ddr_retfound-cfp_linprobe-b256_s1__target_test[ddr]_predictions.csv,predictions,2376203,91e280b5efc3e9b10324259287a1ab3c1999c2acad31556e8f73592c32cb9687,lodo_aptos-eyepacs-idrid__ddr_retfound-cfp_linprobe-b256_s1,primary interaction; master results; referable-DR secondary
configs\lodo_aptos-eyepacs-idrid__ddr_retfound-cfp_linprobe-b256_s1_evaluation.json,config/report,9245,d8770f656dc181de7bfdaca80cec2b75807dacb45e56a73ca9e0a5e81ff61c5e,lodo_aptos-eyepacs-idrid__ddr_retfound-cfp_linprobe-b256_s1,"temperature, config, recorded metrics"
predictions\lodo_aptos-eyepacs-idrid__ddr_retfound-cfp_linprobe-b256_s2__target_test[ddr]_predictions.csv,predictions,2375192,57524af913b86e38bd7ab580ad6f09847bd401174a2d7726eb5c0fc10c493e8d,lodo_aptos-eyepacs-idrid__ddr_retfound-cfp_linprobe-b256_s2,primary interaction; master results; referable-DR secondary
configs\lodo_aptos-eyepacs-idrid__ddr_retfound-cfp_linprobe-b256_s2_evaluation.json,config/report,9229,5733d02250d8671ec3adbed32bfc0fe05c7b32d2193e115daaa33efc3b9f0c8c,lodo_aptos-eyepacs-idrid__ddr_retfound-cfp_linprobe-b256_s2,"temperature, config, recorded metrics"
predictions\lodo_aptos-eyepacs-idrid__ddr_retfound-cfp_linprobe-b256_s3__target_test[ddr]_predictions.csv,predictions,2375800,ea682efe5a6a96c368dba86fb86ad86838a88b186949aceff3262a2b3c522538,lodo_aptos-eyepacs-idrid__ddr_retfound-cfp_linprobe-b256_s3,primary interaction; master results; referable-DR secondary
configs\lodo_aptos-eyepacs-idrid__ddr_retfound-cfp_linprobe-b256_s3_evaluation.json,config/report,9218,4fc25e463c47324ec06d2f830af6f7026dec3137cb8223a6c8a7023e005cb47f,lodo_aptos-eyepacs-idrid__ddr_retfound-cfp_linprobe-b256_s3,"temperature, config, recorded metrics"
predictions\lodo_aptos-eyepacs-idrid__ddr_retfound-cfp_linprobe-b256_s4__target_test[ddr]_predictions.csv,predictions,2376328,516ff750eb143af31d27cb98ed14d394165bd5c257106452db421b1ff8cbc4c9,lodo_aptos-eyepacs-idrid__ddr_retfound-cfp_linprobe-b256_s4,primary interaction; master results; referable-DR secondary
configs\lodo_aptos-eyepacs-idrid__ddr_retfound-cfp_linprobe-b256_s4_evaluation.json,config/report,9210,81b7c07ee2f38f481554fec97166a7469d86319c2b89d0b5db3c8874e1b7d53a,lodo_aptos-eyepacs-idrid__ddr_retfound-cfp_linprobe-b256_s4,"temperature, config, recorded metrics"
predictions\lodo_aptos-eyepacs-idrid__ddr_retfound-cfp_linprobe-b256_s5__target_test[ddr]_predictions.csv,predictions,2373703,8513336fe210af56b4789e495da9349b316feadf90b9d53d56a3cc4301ea869f,lodo_aptos-eyepacs-idrid__ddr_retfound-cfp_linprobe-b256_s5,primary interaction; master results; referable-DR secondary
configs\lodo_aptos-eyepacs-idrid__ddr_retfound-cfp_linprobe-b256_s5_evaluation.json,config/report,9245,6f311ad2708f1e08cccc9a7f18aab3fe1c9fa4f9228628f7ccf03ecd0fd1a8c5,lodo_aptos-eyepacs-idrid__ddr_retfound-cfp_linprobe-b256_s5,"temperature, config, recorded metrics"
predictions\lodo_aptos-eyepacs-idrid__ddr_retfound-cfp_linprobe-b256_s6__target_test[ddr]_predictions.csv,predictions,2374536,5023e3d06bca4f89c923a0855ecc7425a620ab675dd2053c012fbcb07df37672,lodo_aptos-eyepacs-idrid__ddr_retfound-cfp_linprobe-b256_s6,primary interaction; master results; referable-DR secondary
configs\lodo_aptos-eyepacs-idrid__ddr_retfound-cfp_linprobe-b256_s6_evaluation.json,config/report,9216,005406bd6643ca266391fd5de38bd6ed3aa844b5d4d5f1dfac177f2878bfc836,lodo_aptos-eyepacs-idrid__ddr_retfound-cfp_linprobe-b256_s6,"temperature, config, recorded metrics"
predictions\lodo_aptos-eyepacs-idrid__ddr_retfound-cfp_linprobe-b256_s7__target_test[ddr]_predictions.csv,predictions,2375351,4626834d67b518a0829a9724cac9572c4f191867662076b2f1ee506525312907,lodo_aptos-eyepacs-idrid__ddr_retfound-cfp_linprobe-b256_s7,primary interaction; master results; referable-DR secondary
configs\lodo_aptos-eyepacs-idrid__ddr_retfound-cfp_linprobe-b256_s7_evaluation.json,config/report,9198,fc4d4769d35e59c4eba3eadbca1b5873379f49b021d79154d55e825360fea718,lodo_aptos-eyepacs-idrid__ddr_retfound-cfp_linprobe-b256_s7,"temperature, config, recorded metrics"
predictions\lodo_aptos-eyepacs-idrid__ddr_retfound-cfp_linprobe-b256_s8__target_test[ddr]_predictions.csv,predictions,2374759,9c343d703cfbb648f8979eab49ccd105e8ccc6abe7f8f64ec36152558025690f,lodo_aptos-eyepacs-idrid__ddr_retfound-cfp_linprobe-b256_s8,primary interaction; master results; referable-DR secondary
configs\lodo_aptos-eyepacs-idrid__ddr_retfound-cfp_linprobe-b256_s8_evaluation.json,config/report,9219,685f80212ec0c6f13e5f9981f59668ff2d5ada6318ebc632f982b5cac9bb6461,lodo_aptos-eyepacs-idrid__ddr_retfound-cfp_linprobe-b256_s8,"temperature, config, recorded metrics"
predictions\lodo_aptos-eyepacs-idrid__ddr_retfound-cfp_linprobe-b256_s9__target_test[ddr]_predictions.csv,predictions,2375398,e5981dda0704286bbda99c5977f696bfbb8e4decf925b14f05ce043c035ce2ec,lodo_aptos-eyepacs-idrid__ddr_retfound-cfp_linprobe-b256_s9,primary interaction; master results; referable-DR secondary
configs\lodo_aptos-eyepacs-idrid__ddr_retfound-cfp_linprobe-b256_s9_evaluation.json,config/report,9222,81480f21b595121a78ccc6bfe779fac585fceba12422faafea9ff4bba8044cb9,lodo_aptos-eyepacs-idrid__ddr_retfound-cfp_linprobe-b256_s9,"temperature, config, recorded metrics"
predictions\lodo_aptos-eyepacs-idrid__ddr_vit-large-mae-in1k_erm-b16-tb4-lr0.0001_s42__target_test[ddr]_predictions.csv,predictions,2376891,9eae9383e8270adfd6fdedb72179aa815f1e529891604d606704ac0cb3ec1363,lodo_aptos-eyepacs-idrid__ddr_vit-large-mae-in1k_erm-b16-tb4-lr0.0001_s42,master results; adaptation depth
configs\lodo_aptos-eyepacs-idrid__ddr_vit-large-mae-in1k_erm-b16-tb4-lr0.0001_s42_evaluation.json,config/report,9447,6f0c584f83b8a25e9de41057bb98a8a88814da3c7f6c1379968bfadb904c2b9d,lodo_aptos-eyepacs-idrid__ddr_vit-large-mae-in1k_erm-b16-tb4-lr0.0001_s42,"temperature, config, recorded metrics"
predictions\lodo_aptos-eyepacs-idrid__ddr_vit-large-mae-in1k_erm-b16-tb4-lr0.0001_s1__target_test[ddr]_predictions.csv,predictions,2385180,e46b7693201af5d167157da5df49bdce4f4a83ac73721948badb07361be08d1a,lodo_aptos-eyepacs-idrid__ddr_vit-large-mae-in1k_erm-b16-tb4-lr0.0001_s1,master results; adaptation depth
configs\lodo_aptos-eyepacs-idrid__ddr_vit-large-mae-in1k_erm-b16-tb4-lr0.0001_s1_evaluation.json,config/report,9448,8b2d3629ee33f8c4ad670f8a2814edac87bce7d33fa5403b63286f3fb7113775,lodo_aptos-eyepacs-idrid__ddr_vit-large-mae-in1k_erm-b16-tb4-lr0.0001_s1,"temperature, config, recorded metrics"
predictions\lodo_aptos-eyepacs-idrid__ddr_vit-large-mae-in1k_erm-b16-tb4-lr0.0001_s2__target_test[ddr]_predictions.csv,predictions,2376427,cd63ca29a1a3591f8ac742b6f84dab8d00dc67f06d9e93da2979c4d32ca612d8,lodo_aptos-eyepacs-idrid__ddr_vit-large-mae-in1k_erm-b16-tb4-lr0.0001_s2,master results; adaptation depth
configs\lodo_aptos-eyepacs-idrid__ddr_vit-large-mae-in1k_erm-b16-tb4-lr0.0001_s2_evaluation.json,config/report,9446,4507afa54102fce6431cff0400687767fd581506b9b3fa8affb601b3aef0fc56,lodo_aptos-eyepacs-idrid__ddr_vit-large-mae-in1k_erm-b16-tb4-lr0.0001_s2,"temperature, config, recorded metrics"
predictions\lodo_aptos-eyepacs-idrid__ddr_vit-large-mae-in1k_erm-b16-tb4-lr0.0001_s3__target_test[ddr]_predictions.csv,predictions,2393998,32c9b2410dbc1e0a1c721d33ff1f7325cbba8120ebd24ecd4f06df75fa14767e,lodo_aptos-eyepacs-idrid__ddr_vit-large-mae-in1k_erm-b16-tb4-lr0.0001_s3,master results; adaptation depth
configs\lodo_aptos-eyepacs-idrid__ddr_vit-large-mae-in1k_erm-b16-tb4-lr0.0001_s3_evaluation.json,config/report,9438,0bd69bd48dafaa36ccda59542bb3765fba1b55a88a4867cc98d6a35d64f288bf,lodo_aptos-eyepacs-idrid__ddr_vit-large-mae-in1k_erm-b16-tb4-lr0.0001_s3,"temperature, config, recorded metrics"
predictions\lodo_aptos-eyepacs-idrid__ddr_vit-large-mae-in1k_erm-b16-tb4-lr0.0001_s4__target_test[ddr]_predictions.csv,predictions,2396322,612a44fce6f7b5f127415c741d2d2a928cf596327c35cd442d49dda0441d4134,lodo_aptos-eyepacs-idrid__ddr_vit-large-mae-in1k_erm-b16-tb4-lr0.0001_s4,master results; adaptation depth
configs\lodo_aptos-eyepacs-idrid__ddr_vit-large-mae-in1k_erm-b16-tb4-lr0.0001_s4_evaluation.json,config/report,9436,bf9567f13f7f8461d98a4758b2758573a7baa5985b241228196946b04c76dd1b,lodo_aptos-eyepacs-idrid__ddr_vit-large-mae-in1k_erm-b16-tb4-lr0.0001_s4,"temperature, config, recorded metrics"
predictions\lodo_aptos-eyepacs-idrid__ddr_retfound-cfp_erm-b16-tb4-lr0.0001_s42__target_test[ddr]_predictions.csv,predictions,2413474,5ee28d972e20dc6fd65d53098aebec0cf35229dbe139e2dbcc0075e73fe443e3,lodo_aptos-eyepacs-idrid__ddr_retfound-cfp_erm-b16-tb4-lr0.0001_s42,master results; adaptation depth
configs\lodo_aptos-eyepacs-idrid__ddr_retfound-cfp_erm-b16-tb4-lr0.0001_s42_evaluation.json,config/report,9429,78a68d53bcbe4622e1df425ca687f825d6cc283f8ba02ceec6c7945a23ca2be5,lodo_aptos-eyepacs-idrid__ddr_retfound-cfp_erm-b16-tb4-lr0.0001_s42,"temperature, config, recorded metrics"
predictions\lodo_aptos-eyepacs-idrid__ddr_retfound-cfp_erm-b16-tb4-lr0.0001_s1__target_test[ddr]_predictions.csv,predictions,2395751,247c7c5efb0927f1c3cb778caa874e55ec5d9e248e6f0675b6ca29cdfbc019c6,lodo_aptos-eyepacs-idrid__ddr_retfound-cfp_erm-b16-tb4-lr0.0001_s1,master results; adaptation depth
configs\lodo_aptos-eyepacs-idrid__ddr_retfound-cfp_erm-b16-tb4-lr0.0001_s1_evaluation.json,config/report,9427,55a4eeb6f19c6994527d09b9ce920eaff8360f82760c216c2d9d3c6b94b8e978,lodo_aptos-eyepacs-idrid__ddr_retfound-cfp_erm-b16-tb4-lr0.0001_s1,"temperature, config, recorded metrics"
predictions\lodo_aptos-eyepacs-idrid__ddr_retfound-cfp_erm-b16-tb4-lr0.0001_s2__target_test[ddr]_predictions.csv,predictions,2387909,4275dd4ce81dd45c1f26a1f918502c37356d0e211e3c9da88be7be8a5e6f7b35,lodo_aptos-eyepacs-idrid__ddr_retfound-cfp_erm-b16-tb4-lr0.0001_s2,master results; adaptation depth
configs\lodo_aptos-eyepacs-idrid__ddr_retfound-cfp_erm-b16-tb4-lr0.0001_s2_evaluation.json,config/report,9411,03737b4a426f6f303598f6dd10d69a3f1e65e462e0516d3a781e1f1c3b4cacd6,lodo_aptos-eyepacs-idrid__ddr_retfound-cfp_erm-b16-tb4-lr0.0001_s2,"temperature, config, recorded metrics"
predictions\lodo_aptos-eyepacs-idrid__ddr_retfound-cfp_erm-b16-tb4-lr0.0001_s3__target_test[ddr]_predictions.csv,predictions,2394015,785b2d2eaecbb2b352997ef2c0ac95644f560f08982338406cb13cd5a1f268af,lodo_aptos-eyepacs-idrid__ddr_retfound-cfp_erm-b16-tb4-lr0.0001_s3,master results; adaptation depth
configs\lodo_aptos-eyepacs-idrid__ddr_retfound-cfp_erm-b16-tb4-lr0.0001_s3_evaluation.json,config/report,9400,ca6123709868a9cdac5d1881ca894af728ff18a6a987a44f1493533b11964a26,lodo_aptos-eyepacs-idrid__ddr_retfound-cfp_erm-b16-tb4-lr0.0001_s3,"temperature, config, recorded metrics"
predictions\lodo_aptos-eyepacs-idrid__ddr_retfound-cfp_erm-b16-tb4-lr0.0001_s4__target_test[ddr]_predictions.csv,predictions,2394948,e9c73e1008ee2b8188543f3385e69d10a0174013d98596a847d727a86aaa5b30,lodo_aptos-eyepacs-idrid__ddr_retfound-cfp_erm-b16-tb4-lr0.0001_s4,master results; adaptation depth
configs\lodo_aptos-eyepacs-idrid__ddr_retfound-cfp_erm-b16-tb4-lr0.0001_s4_evaluation.json,config/report,9396,1a9021052592b6c029374d7f4ceb1c8e5d1a3bf776661519d70d721f46c7f0c8,lodo_aptos-eyepacs-idrid__ddr_retfound-cfp_erm-b16-tb4-lr0.0001_s4,"temperature, config, recorded metrics"
predictions\lodo_aptos-eyepacs-idrid__ddr_vit-large-mae-in1k_erm-b16-ftfull-lr0.0001_s42__target_test[ddr]_predictions.csv,predictions,2386198,37cfad723e4399fd8d8091abf722db20331bbde13dd5d74443d3540c0c44fa1d,lodo_aptos-eyepacs-idrid__ddr_vit-large-mae-in1k_erm-b16-ftfull-lr0.0001_s42,primary interaction; master results; full-FT comparison; referable-DR secondary
configs\lodo_aptos-eyepacs-idrid__ddr_vit-large-mae-in1k_erm-b16-ftfull-lr0.0001_s42_evaluation.json,config/report,9409,bf2d37d602636f9b54471c7b0d7730c3eb16405b1d551deb92d35baf58679ecb,lodo_aptos-eyepacs-idrid__ddr_vit-large-mae-in1k_erm-b16-ftfull-lr0.0001_s42,"temperature, config, recorded metrics"
histories\lodo_aptos-eyepacs-idrid__ddr_vit-large-mae-in1k_erm-b16-ftfull-lr0.0001_s42_history.csv,source-validation history,3015,c6fa8a736d3d4cbcf7b3967547738ca7ef5651a24dae5982867965867f894c0f,lodo_aptos-eyepacs-idrid__ddr_vit-large-mae-in1k_erm-b16-ftfull-lr0.0001_s42,"source-validation tables; figures S1, fig4 context"
predictions\lodo_aptos-eyepacs-idrid__ddr_vit-large-mae-in1k_erm-b16-ftfull-lr0.0001_s1__target_test[ddr]_predictions.csv,predictions,2365304,5d750b113de2093657badfd1bc0994947beba6904473de1c78c10f8caf65b96e,lodo_aptos-eyepacs-idrid__ddr_vit-large-mae-in1k_erm-b16-ftfull-lr0.0001_s1,primary interaction; master results; full-FT comparison; referable-DR secondary
configs\lodo_aptos-eyepacs-idrid__ddr_vit-large-mae-in1k_erm-b16-ftfull-lr0.0001_s1_evaluation.json,config/report,9404,ce1f004840fa9ab9aeeb95e9641d448408a8c7405c78607569fb97fe769f1a1f,lodo_aptos-eyepacs-idrid__ddr_vit-large-mae-in1k_erm-b16-ftfull-lr0.0001_s1,"temperature, config, recorded metrics"
histories\lodo_aptos-eyepacs-idrid__ddr_vit-large-mae-in1k_erm-b16-ftfull-lr0.0001_s1_history.csv,source-validation history,3001,011b4316dbdf0412a0b18cb84a09d438a68345d77490e43ac07850aceb2e4c67,lodo_aptos-eyepacs-idrid__ddr_vit-large-mae-in1k_erm-b16-ftfull-lr0.0001_s1,"source-validation tables; figures S1, fig4 context"
predictions\lodo_aptos-eyepacs-idrid__ddr_vit-large-mae-in1k_erm-b16-ftfull-lr0.0001_s2__target_test[ddr]_predictions.csv,predictions,2387900,71d2edfb46dc85b07b4a2d7a22e1d37737bc195603af5f3c00df2b86209e6588,lodo_aptos-eyepacs-idrid__ddr_vit-large-mae-in1k_erm-b16-ftfull-lr0.0001_s2,primary interaction; master results; full-FT comparison; referable-DR secondary
configs\lodo_aptos-eyepacs-idrid__ddr_vit-large-mae-in1k_erm-b16-ftfull-lr0.0001_s2_evaluation.json,config/report,9444,67d407bbcbd13bc6cc72b50bebe2ab44ac8eb525d9505931178eb90f35b84e4a,lodo_aptos-eyepacs-idrid__ddr_vit-large-mae-in1k_erm-b16-ftfull-lr0.0001_s2,"temperature, config, recorded metrics"
histories\lodo_aptos-eyepacs-idrid__ddr_vit-large-mae-in1k_erm-b16-ftfull-lr0.0001_s2_history.csv,source-validation history,2989,3cf501e22a01dc401f45a55d39e4f6c058615f06dc6cd92f041c4d0ea4fa5595,lodo_aptos-eyepacs-idrid__ddr_vit-large-mae-in1k_erm-b16-ftfull-lr0.0001_s2,"source-validation tables; figures S1, fig4 context"
predictions\lodo_aptos-eyepacs-idrid__ddr_vit-large-mae-in1k_erm-b16-ftfull-lr0.0001_s3__target_test[ddr]_predictions.csv,predictions,2391605,34f7063a850c6cc0c451abad958df7c8f918d254a766431d50a678601e96783c,lodo_aptos-eyepacs-idrid__ddr_vit-large-mae-in1k_erm-b16-ftfull-lr0.0001_s3,primary interaction; master results; full-FT comparison; referable-DR secondary
configs\lodo_aptos-eyepacs-idrid__ddr_vit-large-mae-in1k_erm-b16-ftfull-lr0.0001_s3_evaluation.json,config/report,9439,08654d94053066ed04cc40e9264ed420253dfbb02d7cb3e2cd347f17005831a0,lodo_aptos-eyepacs-idrid__ddr_vit-large-mae-in1k_erm-b16-ftfull-lr0.0001_s3,"temperature, config, recorded metrics"
histories\lodo_aptos-eyepacs-idrid__ddr_vit-large-mae-in1k_erm-b16-ftfull-lr0.0001_s3_history.csv,source-validation history,2950,60d4c427d3738bce1e4ecd31cee616e3cebb7e0e3269feb829067e957163fa24,lodo_aptos-eyepacs-idrid__ddr_vit-large-mae-in1k_erm-b16-ftfull-lr0.0001_s3,"source-validation tables; figures S1, fig4 context"
predictions\lodo_aptos-eyepacs-idrid__ddr_vit-large-mae-in1k_erm-b16-ftfull-lr0.0001_s4__target_test[ddr]_predictions.csv,predictions,2391956,052ecde243f12664a2f051ddbfe6f69e033c3d6adac50a0c5e85eefbf9f9300a,lodo_aptos-eyepacs-idrid__ddr_vit-large-mae-in1k_erm-b16-ftfull-lr0.0001_s4,primary interaction; master results; full-FT comparison; referable-DR secondary
configs\lodo_aptos-eyepacs-idrid__ddr_vit-large-mae-in1k_erm-b16-ftfull-lr0.0001_s4_evaluation.json,config/report,9440,44d73c33ca45d27169ac08e77589227ae2a77c4c66dc3e5021fb645855331c53,lodo_aptos-eyepacs-idrid__ddr_vit-large-mae-in1k_erm-b16-ftfull-lr0.0001_s4,"temperature, config, recorded metrics"
histories\lodo_aptos-eyepacs-idrid__ddr_vit-large-mae-in1k_erm-b16-ftfull-lr0.0001_s4_history.csv,source-validation history,3011,2a6dc034042fa7fd05a3bccedd7639f7b5058570379e71c98fb8918c513d050a,lodo_aptos-eyepacs-idrid__ddr_vit-large-mae-in1k_erm-b16-ftfull-lr0.0001_s4,"source-validation tables; figures S1, fig4 context"
predictions\lodo_aptos-eyepacs-idrid__ddr_retfound-cfp_erm-b16-ftfull-lr0.0001_s42__target_test[ddr]_predictions.csv,predictions,2406894,d510fac59f7d0e16c582454dd76b7a7081cafb81add56764762a57ae31768bb2,lodo_aptos-eyepacs-idrid__ddr_retfound-cfp_erm-b16-ftfull-lr0.0001_s42,primary interaction; master results; full-FT comparison; referable-DR secondary
configs\lodo_aptos-eyepacs-idrid__ddr_retfound-cfp_erm-b16-ftfull-lr0.0001_s42_evaluation.json,config/report,9426,88eca5ac0ff88f703354fbd9224423cb577e657fb1579d2dca02226c58b0bc02,lodo_aptos-eyepacs-idrid__ddr_retfound-cfp_erm-b16-ftfull-lr0.0001_s42,"temperature, config, recorded metrics"
histories\lodo_aptos-eyepacs-idrid__ddr_retfound-cfp_erm-b16-ftfull-lr0.0001_s42_history.csv,source-validation history,2579,33f1ed8d7cb00785887a1b113dc359f14e98cba2cf78564cfac690b2a8ee13aa,lodo_aptos-eyepacs-idrid__ddr_retfound-cfp_erm-b16-ftfull-lr0.0001_s42,"source-validation tables; figures S1, fig4 context"
predictions\lodo_aptos-eyepacs-idrid__ddr_retfound-cfp_erm-b16-ftfull-lr0.0001_s1__target_test[ddr]_predictions.csv,predictions,2375753,397c2216f37621951dd3121cca66cb38c3250b41e33f610f5d578293c84011e2,lodo_aptos-eyepacs-idrid__ddr_retfound-cfp_erm-b16-ftfull-lr0.0001_s1,primary interaction; master results; full-FT comparison; referable-DR secondary
configs\lodo_aptos-eyepacs-idrid__ddr_retfound-cfp_erm-b16-ftfull-lr0.0001_s1_evaluation.json,config/report,9420,2458efba30f81f7c32402c70f5e49ed430b662e7f561974bc496af8c06ba3ccf,lodo_aptos-eyepacs-idrid__ddr_retfound-cfp_erm-b16-ftfull-lr0.0001_s1,"temperature, config, recorded metrics"
histories\lodo_aptos-eyepacs-idrid__ddr_retfound-cfp_erm-b16-ftfull-lr0.0001_s1_history.csv,source-validation history,1984,41bc6e75fa7225dd4d752057a2be8d123f0a0dc85bf8824281e61a2c8538e926,lodo_aptos-eyepacs-idrid__ddr_retfound-cfp_erm-b16-ftfull-lr0.0001_s1,"source-validation tables; figures S1, fig4 context"
predictions\lodo_aptos-eyepacs-idrid__ddr_retfound-cfp_erm-b16-ftfull-lr0.0001_s2__target_test[ddr]_predictions.csv,predictions,2400077,8635e42606aebf8251ad291d4e5c6620f5571c8c44a270feb24bdafec234d6e7,lodo_aptos-eyepacs-idrid__ddr_retfound-cfp_erm-b16-ftfull-lr0.0001_s2,primary interaction; master results; full-FT comparison; referable-DR secondary
configs\lodo_aptos-eyepacs-idrid__ddr_retfound-cfp_erm-b16-ftfull-lr0.0001_s2_evaluation.json,config/report,9415,eb12031aca688a014a0cc53eeb8f51c91a9b35097c6f7c6bc3dd9f234351d303,lodo_aptos-eyepacs-idrid__ddr_retfound-cfp_erm-b16-ftfull-lr0.0001_s2,"temperature, config, recorded metrics"
histories\lodo_aptos-eyepacs-idrid__ddr_retfound-cfp_erm-b16-ftfull-lr0.0001_s2_history.csv,source-validation history,2438,7a4521eb5c83345ddbbf357fc8cab7f47002c4b567dbbe9a85489fd2de657780,lodo_aptos-eyepacs-idrid__ddr_retfound-cfp_erm-b16-ftfull-lr0.0001_s2,"source-validation tables; figures S1, fig4 context"
predictions\lodo_aptos-eyepacs-idrid__ddr_retfound-cfp_erm-b16-ftfull-lr0.0001_s3__target_test[ddr]_predictions.csv,predictions,2407283,a65e179fc2ac4ec2420d70a035585f2943213c6d9440e435118cfbdc44202376,lodo_aptos-eyepacs-idrid__ddr_retfound-cfp_erm-b16-ftfull-lr0.0001_s3,primary interaction; master results; full-FT comparison; referable-DR secondary
configs\lodo_aptos-eyepacs-idrid__ddr_retfound-cfp_erm-b16-ftfull-lr0.0001_s3_evaluation.json,config/report,9440,5989ea53c7b685bdb188d2d43b1a3c9632283f0d34445bab9f22e88c2ba6509e,lodo_aptos-eyepacs-idrid__ddr_retfound-cfp_erm-b16-ftfull-lr0.0001_s3,"temperature, config, recorded metrics"
histories\lodo_aptos-eyepacs-idrid__ddr_retfound-cfp_erm-b16-ftfull-lr0.0001_s3_history.csv,source-validation history,2570,06008f897e8d8a6cfc2861d5c083df418a059098e48f85d4054a5978f9126173,lodo_aptos-eyepacs-idrid__ddr_retfound-cfp_erm-b16-ftfull-lr0.0001_s3,"source-validation tables; figures S1, fig4 context"
predictions\lodo_aptos-eyepacs-idrid__ddr_retfound-cfp_erm-b16-ftfull-lr0.0001_s4__target_test[ddr]_predictions.csv,predictions,2386316,46d63ea139fff155e3b0e3dac552991b5e0c7554a04a3257a5b811e858b1b529,lodo_aptos-eyepacs-idrid__ddr_retfound-cfp_erm-b16-ftfull-lr0.0001_s4,primary interaction; master results; full-FT comparison; referable-DR secondary
configs\lodo_aptos-eyepacs-idrid__ddr_retfound-cfp_erm-b16-ftfull-lr0.0001_s4_evaluation.json,config/report,9443,7ca1a864fb0febc5c6309660ed3ce68c5053eaa75a279eaf6be01218291867a8,lodo_aptos-eyepacs-idrid__ddr_retfound-cfp_erm-b16-ftfull-lr0.0001_s4,"temperature, config, recorded metrics"
histories\lodo_aptos-eyepacs-idrid__ddr_retfound-cfp_erm-b16-ftfull-lr0.0001_s4_history.csv,source-validation history,2292,9f3a7041e20fa0283e5b711fa45f7bd96cf52b6d7cf703d6c361a3360cc955c5,lodo_aptos-eyepacs-idrid__ddr_retfound-cfp_erm-b16-ftfull-lr0.0001_s4,"source-validation tables; figures S1, fig4 context"
predictions\lodo_ddr-eyepacs-idrid__aptos_vit-large-mae-in1k_linprobe-b256_s42__target_test[aptos]_predictions.csv,predictions,686141,85b13c10d9f6fb7a3b1fdab0f0fc79e2fbf487bd024b8644894102c8e14e27de,lodo_ddr-eyepacs-idrid__aptos_vit-large-mae-in1k_linprobe-b256_s42,primary interaction; master results; referable-DR secondary
configs\lodo_ddr-eyepacs-idrid__aptos_vit-large-mae-in1k_linprobe-b256_s42_evaluation.json,config/report,9083,b607cedb19e32ba84bdf37335953985b7fbb4e28d7bc898e2a0a8776b4753783,lodo_ddr-eyepacs-idrid__aptos_vit-large-mae-in1k_linprobe-b256_s42,"temperature, config, recorded metrics"
predictions\lodo_ddr-eyepacs-idrid__aptos_vit-large-mae-in1k_linprobe-b256_s1__target_test[aptos]_predictions.csv,predictions,686183,709cb38175f4fce3708ccd1c570dff635b68d173b03bf0df319415cdf4284c42,lodo_ddr-eyepacs-idrid__aptos_vit-large-mae-in1k_linprobe-b256_s1,primary interaction; master results; referable-DR secondary
configs\lodo_ddr-eyepacs-idrid__aptos_vit-large-mae-in1k_linprobe-b256_s1_evaluation.json,config/report,9103,9ed557313831c26d8f249a56a1b52af6c2878f7a5742390418d60bd6f42ad78d,lodo_ddr-eyepacs-idrid__aptos_vit-large-mae-in1k_linprobe-b256_s1,"temperature, config, recorded metrics"
predictions\lodo_ddr-eyepacs-idrid__aptos_vit-large-mae-in1k_linprobe-b256_s2__target_test[aptos]_predictions.csv,predictions,686473,ad55353db455abee2e27506765accaa4b11ff68e90a591225fe19dee88a17fb8,lodo_ddr-eyepacs-idrid__aptos_vit-large-mae-in1k_linprobe-b256_s2,primary interaction; master results; referable-DR secondary
configs\lodo_ddr-eyepacs-idrid__aptos_vit-large-mae-in1k_linprobe-b256_s2_evaluation.json,config/report,9093,e546f46a8a503dae6b9705aafd2900927f7e5e6de0324b4c13fd3bdb95e0466d,lodo_ddr-eyepacs-idrid__aptos_vit-large-mae-in1k_linprobe-b256_s2,"temperature, config, recorded metrics"
predictions\lodo_ddr-eyepacs-idrid__aptos_vit-large-mae-in1k_linprobe-b256_s3__target_test[aptos]_predictions.csv,predictions,685731,2ebfc034f458c1de039dd5d9db048051abb870c74a9222bb5bfd86dcdae56cfa,lodo_ddr-eyepacs-idrid__aptos_vit-large-mae-in1k_linprobe-b256_s3,primary interaction; master results; referable-DR secondary
configs\lodo_ddr-eyepacs-idrid__aptos_vit-large-mae-in1k_linprobe-b256_s3_evaluation.json,config/report,9089,1d40857bb2860a80cd09899d043171c71a6835526333b2fc62c3b70163547177,lodo_ddr-eyepacs-idrid__aptos_vit-large-mae-in1k_linprobe-b256_s3,"temperature, config, recorded metrics"
predictions\lodo_ddr-eyepacs-idrid__aptos_vit-large-mae-in1k_linprobe-b256_s4__target_test[aptos]_predictions.csv,predictions,687949,a237ed8c6ba5ec52726bfe99f63e45e96a2bdab73c805220200602ea2759ff22,lodo_ddr-eyepacs-idrid__aptos_vit-large-mae-in1k_linprobe-b256_s4,primary interaction; master results; referable-DR secondary
configs\lodo_ddr-eyepacs-idrid__aptos_vit-large-mae-in1k_linprobe-b256_s4_evaluation.json,config/report,9078,fcb38b8e0b09596a710f54cdd50fe0df161d57814bd01ce6a1b6cf0e552efd00,lodo_ddr-eyepacs-idrid__aptos_vit-large-mae-in1k_linprobe-b256_s4,"temperature, config, recorded metrics"
predictions\lodo_ddr-eyepacs-idrid__aptos_vit-large-mae-in1k_linprobe-b256_s5__target_test[aptos]_predictions.csv,predictions,685416,8958b1c4e06daa2cb2ec36a39860e7fb60bacc71fa78c2044c76b895ed9f6139,lodo_ddr-eyepacs-idrid__aptos_vit-large-mae-in1k_linprobe-b256_s5,primary interaction; master results; referable-DR secondary
configs\lodo_ddr-eyepacs-idrid__aptos_vit-large-mae-in1k_linprobe-b256_s5_evaluation.json,config/report,9105,da2990a6fb4901d2db99ac7e57bb079ba0f58157955a537eed662908eaacd2e5,lodo_ddr-eyepacs-idrid__aptos_vit-large-mae-in1k_linprobe-b256_s5,"temperature, config, recorded metrics"
predictions\lodo_ddr-eyepacs-idrid__aptos_vit-large-mae-in1k_linprobe-b256_s6__target_test[aptos]_predictions.csv,predictions,685552,21a21ac79d680ca2ef6dc3f3082cb11ffd23bf4f335216643aff00bebb7d5fe1,lodo_ddr-eyepacs-idrid__aptos_vit-large-mae-in1k_linprobe-b256_s6,primary interaction; master results; referable-DR secondary
configs\lodo_ddr-eyepacs-idrid__aptos_vit-large-mae-in1k_linprobe-b256_s6_evaluation.json,config/report,9126,80c2cf1da38d2f2fbdb0c888782ff554e1a8fa4edf294a983f889fb0c3c06fcc,lodo_ddr-eyepacs-idrid__aptos_vit-large-mae-in1k_linprobe-b256_s6,"temperature, config, recorded metrics"
predictions\lodo_ddr-eyepacs-idrid__aptos_vit-large-mae-in1k_linprobe-b256_s7__target_test[aptos]_predictions.csv,predictions,684306,e74beda4dca0c05cc06519075bdc2a6bb5af3db4b74d6d505b83616fcf668afe,lodo_ddr-eyepacs-idrid__aptos_vit-large-mae-in1k_linprobe-b256_s7,primary interaction; master results; referable-DR secondary
configs\lodo_ddr-eyepacs-idrid__aptos_vit-large-mae-in1k_linprobe-b256_s7_evaluation.json,config/report,9106,6e46fb18460bc293efb8e2af2f97e0fc2b96530758b0445753330be675f6ab4f,lodo_ddr-eyepacs-idrid__aptos_vit-large-mae-in1k_linprobe-b256_s7,"temperature, config, recorded metrics"
predictions\lodo_ddr-eyepacs-idrid__aptos_vit-large-mae-in1k_linprobe-b256_s8__target_test[aptos]_predictions.csv,predictions,687154,ece22e494607c0a6c60eb625697b27533a3bfe48b90ffa632f9eea8406b39fca,lodo_ddr-eyepacs-idrid__aptos_vit-large-mae-in1k_linprobe-b256_s8,primary interaction; master results; referable-DR secondary
configs\lodo_ddr-eyepacs-idrid__aptos_vit-large-mae-in1k_linprobe-b256_s8_evaluation.json,config/report,9094,8f73132b5767bf62f92ce0d98293617a6ddd0407d9c81799d99cc3062b994b98,lodo_ddr-eyepacs-idrid__aptos_vit-large-mae-in1k_linprobe-b256_s8,"temperature, config, recorded metrics"
predictions\lodo_ddr-eyepacs-idrid__aptos_vit-large-mae-in1k_linprobe-b256_s9__target_test[aptos]_predictions.csv,predictions,687354,ed1e4523c4898c7ba2948714244a1c612e9a4d7fb5bc7533e310ef7fe2b3feb8,lodo_ddr-eyepacs-idrid__aptos_vit-large-mae-in1k_linprobe-b256_s9,primary interaction; master results; referable-DR secondary
configs\lodo_ddr-eyepacs-idrid__aptos_vit-large-mae-in1k_linprobe-b256_s9_evaluation.json,config/report,9118,2433506d7a8982bc9d51404626119e2f822e1cb2f4bdeca544cd7c0cb27be2c0,lodo_ddr-eyepacs-idrid__aptos_vit-large-mae-in1k_linprobe-b256_s9,"temperature, config, recorded metrics"
predictions\lodo_ddr-eyepacs-idrid__aptos_retfound-cfp_linprobe-b256_s42__target_test[aptos]_predictions.csv,predictions,687658,e9178c1db3aa178d20b1edec6f0c003f37916e07bfc7a0cd5c7ca45b14fd1257,lodo_ddr-eyepacs-idrid__aptos_retfound-cfp_linprobe-b256_s42,primary interaction; master results; referable-DR secondary
configs\lodo_ddr-eyepacs-idrid__aptos_retfound-cfp_linprobe-b256_s42_evaluation.json,config/report,9175,e3c1afb68088e5c6a6f0c1f6b9ce01fe08aa5e3d94e35d88f345186c82a1e9d4,lodo_ddr-eyepacs-idrid__aptos_retfound-cfp_linprobe-b256_s42,"temperature, config, recorded metrics"
predictions\lodo_ddr-eyepacs-idrid__aptos_retfound-cfp_linprobe-b256_s1__target_test[aptos]_predictions.csv,predictions,687401,88227723f779e2ec13dc76b61e124272b70ff3b52c4b2ce8c162cdbf74e28b3d,lodo_ddr-eyepacs-idrid__aptos_retfound-cfp_linprobe-b256_s1,primary interaction; master results; referable-DR secondary
configs\lodo_ddr-eyepacs-idrid__aptos_retfound-cfp_linprobe-b256_s1_evaluation.json,config/report,9199,1d227fc2e412dd9698c3f579b8d370aaaf844334afb02362f64004a3520a632c,lodo_ddr-eyepacs-idrid__aptos_retfound-cfp_linprobe-b256_s1,"temperature, config, recorded metrics"
predictions\lodo_ddr-eyepacs-idrid__aptos_retfound-cfp_linprobe-b256_s2__target_test[aptos]_predictions.csv,predictions,688077,f99e5fe9d5dc903d25711a2e0febb3a39c2452accfdd657cb8a84509434a986d,lodo_ddr-eyepacs-idrid__aptos_retfound-cfp_linprobe-b256_s2,primary interaction; master results; referable-DR secondary
configs\lodo_ddr-eyepacs-idrid__aptos_retfound-cfp_linprobe-b256_s2_evaluation.json,config/report,9117,862291549b9140f1dd50caa44673b2578f9a3eba526a22c61e39d19117f47424,lodo_ddr-eyepacs-idrid__aptos_retfound-cfp_linprobe-b256_s2,"temperature, config, recorded metrics"
predictions\lodo_ddr-eyepacs-idrid__aptos_retfound-cfp_linprobe-b256_s3__target_test[aptos]_predictions.csv,predictions,688762,1d9d6bbba9bb461c4ecf1a53dcdf097ea39a4e9baf1e41b572f0f7c1fd0260fa,lodo_ddr-eyepacs-idrid__aptos_retfound-cfp_linprobe-b256_s3,primary interaction; master results; referable-DR secondary
configs\lodo_ddr-eyepacs-idrid__aptos_retfound-cfp_linprobe-b256_s3_evaluation.json,config/report,9189,ff376d08d65306f094a2ccef7542e7c2f27e2aae6c5632f8e89d0b110fccdc9b,lodo_ddr-eyepacs-idrid__aptos_retfound-cfp_linprobe-b256_s3,"temperature, config, recorded metrics"
predictions\lodo_ddr-eyepacs-idrid__aptos_retfound-cfp_linprobe-b256_s4__target_test[aptos]_predictions.csv,predictions,687059,96e52732efab7040247f0eb7c465fde384714d0cc937e525c7be832dc2077763,lodo_ddr-eyepacs-idrid__aptos_retfound-cfp_linprobe-b256_s4,primary interaction; master results; referable-DR secondary
configs\lodo_ddr-eyepacs-idrid__aptos_retfound-cfp_linprobe-b256_s4_evaluation.json,config/report,9138,1b49109e6cecb764eb0fb1eccad2f1772f1e86bc08296276b297109ac9562b50,lodo_ddr-eyepacs-idrid__aptos_retfound-cfp_linprobe-b256_s4,"temperature, config, recorded metrics"
predictions\lodo_ddr-eyepacs-idrid__aptos_retfound-cfp_linprobe-b256_s5__target_test[aptos]_predictions.csv,predictions,687463,63a8dc59530663333541e7762fedc0bff429c1a4c57d3815147085c6c3ca0f3e,lodo_ddr-eyepacs-idrid__aptos_retfound-cfp_linprobe-b256_s5,primary interaction; master results; referable-DR secondary
configs\lodo_ddr-eyepacs-idrid__aptos_retfound-cfp_linprobe-b256_s5_evaluation.json,config/report,9152,25a77cd4afcb3bfb4b40c28303bc55dec5ea8477cc5a9edcf7086112d2485769,lodo_ddr-eyepacs-idrid__aptos_retfound-cfp_linprobe-b256_s5,"temperature, config, recorded metrics"
predictions\lodo_ddr-eyepacs-idrid__aptos_retfound-cfp_linprobe-b256_s6__target_test[aptos]_predictions.csv,predictions,687102,ee8554846091dca4453d0d0121beb1c666eca8dc82d6600aff77093a0c414ace,lodo_ddr-eyepacs-idrid__aptos_retfound-cfp_linprobe-b256_s6,primary interaction; master results; referable-DR secondary
configs\lodo_ddr-eyepacs-idrid__aptos_retfound-cfp_linprobe-b256_s6_evaluation.json,config/report,9180,9023ff8a8c4c07408c8ecaeacebab3cbe8d3ef88d2a3d1a65633a7c0cc9aee1a,lodo_ddr-eyepacs-idrid__aptos_retfound-cfp_linprobe-b256_s6,"temperature, config, recorded metrics"
predictions\lodo_ddr-eyepacs-idrid__aptos_retfound-cfp_linprobe-b256_s7__target_test[aptos]_predictions.csv,predictions,686665,ff9e551b0a122376d7b6cab88d72987e7ef4e16bc165b3e4d05bcc9b81412e8d,lodo_ddr-eyepacs-idrid__aptos_retfound-cfp_linprobe-b256_s7,primary interaction; master results; referable-DR secondary
configs\lodo_ddr-eyepacs-idrid__aptos_retfound-cfp_linprobe-b256_s7_evaluation.json,config/report,9179,164816e916158967215401c92652774ade5e62ef7829d8dfb07cdf3ff7c2ef43,lodo_ddr-eyepacs-idrid__aptos_retfound-cfp_linprobe-b256_s7,"temperature, config, recorded metrics"
predictions\lodo_ddr-eyepacs-idrid__aptos_retfound-cfp_linprobe-b256_s8__target_test[aptos]_predictions.csv,predictions,687479,bd219644144cc2a3c900c53a9fe0700533e08fbd10f7d95edcd3f70763e14bda,lodo_ddr-eyepacs-idrid__aptos_retfound-cfp_linprobe-b256_s8,primary interaction; master results; referable-DR secondary
configs\lodo_ddr-eyepacs-idrid__aptos_retfound-cfp_linprobe-b256_s8_evaluation.json,config/report,9138,87806e1c30dd12827fbecd35b0121844c4d52e4cfceb4c427db8178b2d8bb78e,lodo_ddr-eyepacs-idrid__aptos_retfound-cfp_linprobe-b256_s8,"temperature, config, recorded metrics"
predictions\lodo_ddr-eyepacs-idrid__aptos_retfound-cfp_linprobe-b256_s9__target_test[aptos]_predictions.csv,predictions,688071,90546d96e18cb5142298090cc85faaa66e0bdb9bf3fb6ebe8456498e465df323,lodo_ddr-eyepacs-idrid__aptos_retfound-cfp_linprobe-b256_s9,primary interaction; master results; referable-DR secondary
configs\lodo_ddr-eyepacs-idrid__aptos_retfound-cfp_linprobe-b256_s9_evaluation.json,config/report,9206,44cc3530ad28e7ae26b7b1f7c4c5a63c99aa6a9fd00a797b39b056be586da09f,lodo_ddr-eyepacs-idrid__aptos_retfound-cfp_linprobe-b256_s9,"temperature, config, recorded metrics"
predictions\lodo_ddr-eyepacs-idrid__aptos_vit-large-mae-in1k_erm-b16-tb4-lr0.0001_s42__target_test[aptos]_predictions.csv,predictions,692687,22ef653b010f3e9546bc580060a6df571af461db7ef5903774576d2a0bc5e52a,lodo_ddr-eyepacs-idrid__aptos_vit-large-mae-in1k_erm-b16-tb4-lr0.0001_s42,master results; adaptation depth
configs\lodo_ddr-eyepacs-idrid__aptos_vit-large-mae-in1k_erm-b16-tb4-lr0.0001_s42_evaluation.json,config/report,9400,7904f12ace595aa030fc771c3e47ffbaad294af18a9f7d8b64bc515d56942f7e,lodo_ddr-eyepacs-idrid__aptos_vit-large-mae-in1k_erm-b16-tb4-lr0.0001_s42,"temperature, config, recorded metrics"
predictions\lodo_ddr-eyepacs-idrid__aptos_vit-large-mae-in1k_erm-b16-tb4-lr0.0001_s1__target_test[aptos]_predictions.csv,predictions,694646,1b5e2d3390c2525616eb65ae58febadb1633cfa7f5314bee4bd1e2b6e381fd7d,lodo_ddr-eyepacs-idrid__aptos_vit-large-mae-in1k_erm-b16-tb4-lr0.0001_s1,master results; adaptation depth
configs\lodo_ddr-eyepacs-idrid__aptos_vit-large-mae-in1k_erm-b16-tb4-lr0.0001_s1_evaluation.json,config/report,9418,a825f87c83656b648b202c123aade4eb16ef63acd75109c62a566f907a45887a,lodo_ddr-eyepacs-idrid__aptos_vit-large-mae-in1k_erm-b16-tb4-lr0.0001_s1,"temperature, config, recorded metrics"
predictions\lodo_ddr-eyepacs-idrid__aptos_vit-large-mae-in1k_erm-b16-tb4-lr0.0001_s2__target_test[aptos]_predictions.csv,predictions,696776,4aae6daa41a7c520578492c68a0d977671752f18fd57ab6d6fe219096f2a690f,lodo_ddr-eyepacs-idrid__aptos_vit-large-mae-in1k_erm-b16-tb4-lr0.0001_s2,master results; adaptation depth
configs\lodo_ddr-eyepacs-idrid__aptos_vit-large-mae-in1k_erm-b16-tb4-lr0.0001_s2_evaluation.json,config/report,9386,a06806a0886e89053727d01db15eaa99faaa617fad34f6ef8c0b09468ee580fc,lodo_ddr-eyepacs-idrid__aptos_vit-large-mae-in1k_erm-b16-tb4-lr0.0001_s2,"temperature, config, recorded metrics"
predictions\lodo_ddr-eyepacs-idrid__aptos_vit-large-mae-in1k_erm-b16-tb4-lr0.0001_s3__target_test[aptos]_predictions.csv,predictions,695509,cccc3a1a548b93668627eca15756926d0b4759e4c28c19db9c6a41ccd146e261,lodo_ddr-eyepacs-idrid__aptos_vit-large-mae-in1k_erm-b16-tb4-lr0.0001_s3,master results; adaptation depth
configs\lodo_ddr-eyepacs-idrid__aptos_vit-large-mae-in1k_erm-b16-tb4-lr0.0001_s3_evaluation.json,config/report,9404,d9dc9561aa8209d0708aef1012b04ea234dc78d7932bcfec99bbe1e39bde33fe,lodo_ddr-eyepacs-idrid__aptos_vit-large-mae-in1k_erm-b16-tb4-lr0.0001_s3,"temperature, config, recorded metrics"
predictions\lodo_ddr-eyepacs-idrid__aptos_vit-large-mae-in1k_erm-b16-tb4-lr0.0001_s4__target_test[aptos]_predictions.csv,predictions,688295,5b8677d74763c97b52978650337d484e35cb181890a6905c10f382246652c72f,lodo_ddr-eyepacs-idrid__aptos_vit-large-mae-in1k_erm-b16-tb4-lr0.0001_s4,master results; adaptation depth
configs\lodo_ddr-eyepacs-idrid__aptos_vit-large-mae-in1k_erm-b16-tb4-lr0.0001_s4_evaluation.json,config/report,9413,2c209a4e08fd2f46ed4cac974b9cb78a829e4404332d598206652e2a7378b681,lodo_ddr-eyepacs-idrid__aptos_vit-large-mae-in1k_erm-b16-tb4-lr0.0001_s4,"temperature, config, recorded metrics"
predictions\lodo_ddr-eyepacs-idrid__aptos_retfound-cfp_erm-b16-tb4-lr0.0001_s42__target_test[aptos]_predictions.csv,predictions,687489,d719a93712c30f369544494b4d798cace5828b08facf7b9801d9bbe9c43dd989,lodo_ddr-eyepacs-idrid__aptos_retfound-cfp_erm-b16-tb4-lr0.0001_s42,master results; adaptation depth
configs\lodo_ddr-eyepacs-idrid__aptos_retfound-cfp_erm-b16-tb4-lr0.0001_s42_evaluation.json,config/report,9347,dca89fe7210e8a92e488bb16ab652b38cc04df9738400ec5b042507d5f489e5c,lodo_ddr-eyepacs-idrid__aptos_retfound-cfp_erm-b16-tb4-lr0.0001_s42,"temperature, config, recorded metrics"
predictions\lodo_ddr-eyepacs-idrid__aptos_retfound-cfp_erm-b16-tb4-lr0.0001_s1__target_test[aptos]_predictions.csv,predictions,693017,bd8f75eb39e29ebb1b1c586c0106b291b5870f4a0c05b33bedb653d19e28d1d3,lodo_ddr-eyepacs-idrid__aptos_retfound-cfp_erm-b16-tb4-lr0.0001_s1,master results; adaptation depth
configs\lodo_ddr-eyepacs-idrid__aptos_retfound-cfp_erm-b16-tb4-lr0.0001_s1_evaluation.json,config/report,9397,b1e63f77500b719dccf850a13a8b098dba5d42c87a3f67afe17a12fddffdf991,lodo_ddr-eyepacs-idrid__aptos_retfound-cfp_erm-b16-tb4-lr0.0001_s1,"temperature, config, recorded metrics"
predictions\lodo_ddr-eyepacs-idrid__aptos_retfound-cfp_erm-b16-tb4-lr0.0001_s2__target_test[aptos]_predictions.csv,predictions,692228,d4cac1e07a0f1e58a9d352c578d83668ea62d4e5bcb2c11c795cd9ecd7bc85d8,lodo_ddr-eyepacs-idrid__aptos_retfound-cfp_erm-b16-tb4-lr0.0001_s2,master results; adaptation depth
configs\lodo_ddr-eyepacs-idrid__aptos_retfound-cfp_erm-b16-tb4-lr0.0001_s2_evaluation.json,config/report,9401,d3c9b2726f1dc18a299cda4e458df0c0d67a32880c4737108a92832fcdc26ab6,lodo_ddr-eyepacs-idrid__aptos_retfound-cfp_erm-b16-tb4-lr0.0001_s2,"temperature, config, recorded metrics"
predictions\lodo_ddr-eyepacs-idrid__aptos_retfound-cfp_erm-b16-tb4-lr0.0001_s3__target_test[aptos]_predictions.csv,predictions,693917,85c2da1ce2efd15474122fe628c2919045f920b6af091c99d1ec127045fba9d3,lodo_ddr-eyepacs-idrid__aptos_retfound-cfp_erm-b16-tb4-lr0.0001_s3,master results; adaptation depth
configs\lodo_ddr-eyepacs-idrid__aptos_retfound-cfp_erm-b16-tb4-lr0.0001_s3_evaluation.json,config/report,9409,fcf58c01029b2f07f588d04f11636dcef7b91d5c6a84d7f3bb43bf51a46fb93f,lodo_ddr-eyepacs-idrid__aptos_retfound-cfp_erm-b16-tb4-lr0.0001_s3,"temperature, config, recorded metrics"
predictions\lodo_ddr-eyepacs-idrid__aptos_retfound-cfp_erm-b16-tb4-lr0.0001_s4__target_test[aptos]_predictions.csv,predictions,690221,f414d6dfbce239354fac21d25d01a183b40298a6f2be63d16668cefa76b2a34e,lodo_ddr-eyepacs-idrid__aptos_retfound-cfp_erm-b16-tb4-lr0.0001_s4,master results; adaptation depth
configs\lodo_ddr-eyepacs-idrid__aptos_retfound-cfp_erm-b16-tb4-lr0.0001_s4_evaluation.json,config/report,9396,011880fcdf6f632b2ae311c575ee7aaf634eb81bc522771a687ca03e7240a7d9,lodo_ddr-eyepacs-idrid__aptos_retfound-cfp_erm-b16-tb4-lr0.0001_s4,"temperature, config, recorded metrics"
predictions\lodo_ddr-eyepacs-idrid__aptos_vit-large-mae-in1k_erm-b16-ftfull-lr0.0001_s42__target_test[aptos]_predictions.csv,predictions,694355,bbde2e4fc4760526e850c90c215637d0aee558e815d6d752d7d667cdd45292ce,lodo_ddr-eyepacs-idrid__aptos_vit-large-mae-in1k_erm-b16-ftfull-lr0.0001_s42,primary interaction; master results; full-FT comparison; referable-DR secondary
configs\lodo_ddr-eyepacs-idrid__aptos_vit-large-mae-in1k_erm-b16-ftfull-lr0.0001_s42_evaluation.json,config/report,9423,c4be688442074764a3d682b5b8bd07d9fe5a31565bdb3a50e5421421fc4ce9c0,lodo_ddr-eyepacs-idrid__aptos_vit-large-mae-in1k_erm-b16-ftfull-lr0.0001_s42,"temperature, config, recorded metrics"
histories\lodo_ddr-eyepacs-idrid__aptos_vit-large-mae-in1k_erm-b16-ftfull-lr0.0001_s42_history.csv,source-validation history,3008,eb398cabc1df9105b9904c267ff3550e7c9b1b343dbba36f46ba9b8e315dd5d6,lodo_ddr-eyepacs-idrid__aptos_vit-large-mae-in1k_erm-b16-ftfull-lr0.0001_s42,"source-validation tables; figures S1, fig4 context"
predictions\lodo_ddr-eyepacs-idrid__aptos_vit-large-mae-in1k_erm-b16-ftfull-lr0.0001_s1__target_test[aptos]_predictions.csv,predictions,693620,6e1df49ea18c571b05fe608093dd626cdbbaefcb75c254843830a196511fe47d,lodo_ddr-eyepacs-idrid__aptos_vit-large-mae-in1k_erm-b16-ftfull-lr0.0001_s1,primary interaction; master results; full-FT comparison; referable-DR secondary
configs\lodo_ddr-eyepacs-idrid__aptos_vit-large-mae-in1k_erm-b16-ftfull-lr0.0001_s1_evaluation.json,config/report,9407,1d690f537f19ca9b705cb75e9fdc79f78f49478a11ac197b23a32cffa4cdea37,lodo_ddr-eyepacs-idrid__aptos_vit-large-mae-in1k_erm-b16-ftfull-lr0.0001_s1,"temperature, config, recorded metrics"
histories\lodo_ddr-eyepacs-idrid__aptos_vit-large-mae-in1k_erm-b16-ftfull-lr0.0001_s1_history.csv,source-validation history,2934,298aeadade377e826bf5ace02798f7c8f7d3f0d66cffa9db008965fd1535c368,lodo_ddr-eyepacs-idrid__aptos_vit-large-mae-in1k_erm-b16-ftfull-lr0.0001_s1,"source-validation tables; figures S1, fig4 context"
predictions\lodo_ddr-eyepacs-idrid__aptos_vit-large-mae-in1k_erm-b16-ftfull-lr0.0001_s2__target_test[aptos]_predictions.csv,predictions,693419,0649480696439064e9e121337cd64b8471f87cdfae92c6c236fac586ca12f58f,lodo_ddr-eyepacs-idrid__aptos_vit-large-mae-in1k_erm-b16-ftfull-lr0.0001_s2,primary interaction; master results; full-FT comparison; referable-DR secondary
configs\lodo_ddr-eyepacs-idrid__aptos_vit-large-mae-in1k_erm-b16-ftfull-lr0.0001_s2_evaluation.json,config/report,9416,e088181642375c78ad19d2f9bd37aa40d113bed1f441d7949147fcb0e13bf971,lodo_ddr-eyepacs-idrid__aptos_vit-large-mae-in1k_erm-b16-ftfull-lr0.0001_s2,"temperature, config, recorded metrics"
histories\lodo_ddr-eyepacs-idrid__aptos_vit-large-mae-in1k_erm-b16-ftfull-lr0.0001_s2_history.csv,source-validation history,2914,e7d5d8b22380dd16939707ca7e232b062609c16ea0ec1a94e3f52179ca0ac452,lodo_ddr-eyepacs-idrid__aptos_vit-large-mae-in1k_erm-b16-ftfull-lr0.0001_s2,"source-validation tables; figures S1, fig4 context"
predictions\lodo_ddr-eyepacs-idrid__aptos_vit-large-mae-in1k_erm-b16-ftfull-lr0.0001_s3__target_test[aptos]_predictions.csv,predictions,692382,42dae934f80dc0ed949c58fe4ede31cc02509354447f77ecd5a55469232759e0,lodo_ddr-eyepacs-idrid__aptos_vit-large-mae-in1k_erm-b16-ftfull-lr0.0001_s3,primary interaction; master results; full-FT comparison; referable-DR secondary
configs\lodo_ddr-eyepacs-idrid__aptos_vit-large-mae-in1k_erm-b16-ftfull-lr0.0001_s3_evaluation.json,config/report,9408,328a342d5f1514b42538ec661f080e4f6628488b2342f659989415fc91239f33,lodo_ddr-eyepacs-idrid__aptos_vit-large-mae-in1k_erm-b16-ftfull-lr0.0001_s3,"temperature, config, recorded metrics"
histories\lodo_ddr-eyepacs-idrid__aptos_vit-large-mae-in1k_erm-b16-ftfull-lr0.0001_s3_history.csv,source-validation history,2987,d2b145f5153acab108547dd22429f652579e0e1b24876d68e2d5b5a817c041c5,lodo_ddr-eyepacs-idrid__aptos_vit-large-mae-in1k_erm-b16-ftfull-lr0.0001_s3,"source-validation tables; figures S1, fig4 context"
predictions\lodo_ddr-eyepacs-idrid__aptos_vit-large-mae-in1k_erm-b16-ftfull-lr0.0001_s4__target_test[aptos]_predictions.csv,predictions,694088,9042feeb956d0c39a21ce430f232bc5cb3e447a0cbabc5bfdae680f6f6615d5c,lodo_ddr-eyepacs-idrid__aptos_vit-large-mae-in1k_erm-b16-ftfull-lr0.0001_s4,primary interaction; master results; full-FT comparison; referable-DR secondary
configs\lodo_ddr-eyepacs-idrid__aptos_vit-large-mae-in1k_erm-b16-ftfull-lr0.0001_s4_evaluation.json,config/report,9413,66080af1b9c482a48c59e38398c5f3e15dc1aedf3e0689177dcdf60aef68354c,lodo_ddr-eyepacs-idrid__aptos_vit-large-mae-in1k_erm-b16-ftfull-lr0.0001_s4,"temperature, config, recorded metrics"
histories\lodo_ddr-eyepacs-idrid__aptos_vit-large-mae-in1k_erm-b16-ftfull-lr0.0001_s4_history.csv,source-validation history,2912,0e59db4cda92a83268942007f371db1ab67094239167f9fa16800e662dcfb100,lodo_ddr-eyepacs-idrid__aptos_vit-large-mae-in1k_erm-b16-ftfull-lr0.0001_s4,"source-validation tables; figures S1, fig4 context"
predictions\lodo_ddr-eyepacs-idrid__aptos_retfound-cfp_erm-b16-ftfull-lr0.0001_s42__target_test[aptos]_predictions.csv,predictions,690658,15ab20c5f6fcbcabe8997196e571771b9ae250d9b5caf3c3fe68cf9abd081d65,lodo_ddr-eyepacs-idrid__aptos_retfound-cfp_erm-b16-ftfull-lr0.0001_s42,primary interaction; master results; full-FT comparison; referable-DR secondary
configs\lodo_ddr-eyepacs-idrid__aptos_retfound-cfp_erm-b16-ftfull-lr0.0001_s42_evaluation.json,config/report,9408,270aa3ab1368f97e011bde96428b1d57e1a8e134ba2c3d72265c335c34f93e7d,lodo_ddr-eyepacs-idrid__aptos_retfound-cfp_erm-b16-ftfull-lr0.0001_s42,"temperature, config, recorded metrics"
histories\lodo_ddr-eyepacs-idrid__aptos_retfound-cfp_erm-b16-ftfull-lr0.0001_s42_history.csv,source-validation history,2115,3926bb267da2456150bed1b39e5e133201fa1330871572eb1f3237ab3d909735,lodo_ddr-eyepacs-idrid__aptos_retfound-cfp_erm-b16-ftfull-lr0.0001_s42,"source-validation tables; figures S1, fig4 context"
predictions\lodo_ddr-eyepacs-idrid__aptos_retfound-cfp_erm-b16-ftfull-lr0.0001_s1__target_test[aptos]_predictions.csv,predictions,702150,b222a60717df467c93c75a20b75ad30162ef8591ff9cd932e8ed0677ce39a716,lodo_ddr-eyepacs-idrid__aptos_retfound-cfp_erm-b16-ftfull-lr0.0001_s1,primary interaction; master results; full-FT comparison; referable-DR secondary
configs\lodo_ddr-eyepacs-idrid__aptos_retfound-cfp_erm-b16-ftfull-lr0.0001_s1_evaluation.json,config/report,9400,6fafdc5309b578f04a1447834a93ad79c90f3797c47ac48ce9904e59a6a25bfb,lodo_ddr-eyepacs-idrid__aptos_retfound-cfp_erm-b16-ftfull-lr0.0001_s1,"temperature, config, recorded metrics"
histories\lodo_ddr-eyepacs-idrid__aptos_retfound-cfp_erm-b16-ftfull-lr0.0001_s1_history.csv,source-validation history,2833,0d4e4a525c6d9233860c81719851cf756096f9c526a2bda31b6e6f73750db99f,lodo_ddr-eyepacs-idrid__aptos_retfound-cfp_erm-b16-ftfull-lr0.0001_s1,"source-validation tables; figures S1, fig4 context"
predictions\lodo_ddr-eyepacs-idrid__aptos_retfound-cfp_erm-b16-ftfull-lr0.0001_s2__target_test[aptos]_predictions.csv,predictions,691713,eb1c0692c5aaec8682a90343fb652f821ad9173a0462f9eabd62eb3fa26db314,lodo_ddr-eyepacs-idrid__aptos_retfound-cfp_erm-b16-ftfull-lr0.0001_s2,primary interaction; master results; full-FT comparison; referable-DR secondary
configs\lodo_ddr-eyepacs-idrid__aptos_retfound-cfp_erm-b16-ftfull-lr0.0001_s2_evaluation.json,config/report,9397,8e634cd8eb92cba152d0237496a889aa343925af51a046e0da4af37af01316e7,lodo_ddr-eyepacs-idrid__aptos_retfound-cfp_erm-b16-ftfull-lr0.0001_s2,"temperature, config, recorded metrics"
histories\lodo_ddr-eyepacs-idrid__aptos_retfound-cfp_erm-b16-ftfull-lr0.0001_s2_history.csv,source-validation history,2269,b8fa50d0b27f790fe807baa6c0db19fa09a07c6e1fb196408234fa97abbf2fa7,lodo_ddr-eyepacs-idrid__aptos_retfound-cfp_erm-b16-ftfull-lr0.0001_s2,"source-validation tables; figures S1, fig4 context"
predictions\lodo_ddr-eyepacs-idrid__aptos_retfound-cfp_erm-b16-ftfull-lr0.0001_s3__target_test[aptos]_predictions.csv,predictions,692526,434d2b516a2824ad2671b705f823171c1c1618008433f31ab32a7b4981f421aa,lodo_ddr-eyepacs-idrid__aptos_retfound-cfp_erm-b16-ftfull-lr0.0001_s3,primary interaction; master results; full-FT comparison; referable-DR secondary
configs\lodo_ddr-eyepacs-idrid__aptos_retfound-cfp_erm-b16-ftfull-lr0.0001_s3_evaluation.json,config/report,9411,ff4d54edd2e4a068e5b82fb3cead2c29a5bf3e01a16d96066be244bba71eb69b,lodo_ddr-eyepacs-idrid__aptos_retfound-cfp_erm-b16-ftfull-lr0.0001_s3,"temperature, config, recorded metrics"
histories\lodo_ddr-eyepacs-idrid__aptos_retfound-cfp_erm-b16-ftfull-lr0.0001_s3_history.csv,source-validation history,2097,61c6a7526e7e129ed9b22be7d6511d09c6250a88cec785b3fed270241ec9d3f0,lodo_ddr-eyepacs-idrid__aptos_retfound-cfp_erm-b16-ftfull-lr0.0001_s3,"source-validation tables; figures S1, fig4 context"
predictions\lodo_ddr-eyepacs-idrid__aptos_retfound-cfp_erm-b16-ftfull-lr0.0001_s4__target_test[aptos]_predictions.csv,predictions,701447,0000bff82ccf184fd8d913c7fe2b6f30a741812aa0406f97f8b2f11e4c515f26,lodo_ddr-eyepacs-idrid__aptos_retfound-cfp_erm-b16-ftfull-lr0.0001_s4,primary interaction; master results; full-FT comparison; referable-DR secondary
configs\lodo_ddr-eyepacs-idrid__aptos_retfound-cfp_erm-b16-ftfull-lr0.0001_s4_evaluation.json,config/report,9407,edca74865f734a3e7f1ea768aff0f5a2f61c0eff1ae2e5ff159562924e3e2f62,lodo_ddr-eyepacs-idrid__aptos_retfound-cfp_erm-b16-ftfull-lr0.0001_s4,"temperature, config, recorded metrics"
histories\lodo_ddr-eyepacs-idrid__aptos_retfound-cfp_erm-b16-ftfull-lr0.0001_s4_history.csv,source-validation history,2840,02d6cb165b15e12051633311bd53fd4070a749c1acda93cd61a417eabfea6e8b,lodo_ddr-eyepacs-idrid__aptos_retfound-cfp_erm-b16-ftfull-lr0.0001_s4,"source-validation tables; figures S1, fig4 context"
predictions\lodo_aptos-ddr-eyepacs__idrid_vit-large-mae-in1k_linprobe-b256_s42__target_test[idrid]_predictions.csv,predictions,96452,f16d925619f0ca6dafb28b827002336e6c8e6a53eb0be58a4548e7585e2c4032,lodo_aptos-ddr-eyepacs__idrid_vit-large-mae-in1k_linprobe-b256_s42,master results
configs\lodo_aptos-ddr-eyepacs__idrid_vit-large-mae-in1k_linprobe-b256_s42_evaluation.json,config/report,9116,f51e5a1fc71cbfa971cbb2a2602140c847860f84610ccf0a1d2b1a62344d4e77,lodo_aptos-ddr-eyepacs__idrid_vit-large-mae-in1k_linprobe-b256_s42,"temperature, config, recorded metrics"
predictions\lodo_aptos-ddr-eyepacs__idrid_vit-large-mae-in1k_linprobe-b256_s1__target_test[idrid]_predictions.csv,predictions,96440,ad4ff3e83984ef736a2445ab89169fef0c7d209a123dfc0b7bc821fbd949c7a5,lodo_aptos-ddr-eyepacs__idrid_vit-large-mae-in1k_linprobe-b256_s1,master results
configs\lodo_aptos-ddr-eyepacs__idrid_vit-large-mae-in1k_linprobe-b256_s1_evaluation.json,config/report,9123,69ee8aff40ac0b57050ddef6871bf6c7c03ad0919f24c55b8b96ac2d084e4a66,lodo_aptos-ddr-eyepacs__idrid_vit-large-mae-in1k_linprobe-b256_s1,"temperature, config, recorded metrics"
predictions\lodo_aptos-ddr-eyepacs__idrid_vit-large-mae-in1k_linprobe-b256_s2__target_test[idrid]_predictions.csv,predictions,96395,eb0a05d06d7284e083bf9c946fef540b73c498f5e29b388862b65e9cc0b0f466,lodo_aptos-ddr-eyepacs__idrid_vit-large-mae-in1k_linprobe-b256_s2,master results
configs\lodo_aptos-ddr-eyepacs__idrid_vit-large-mae-in1k_linprobe-b256_s2_evaluation.json,config/report,9121,b161bfaef088187c88d9d2c8590ca75b7103289b4067a91c1ca5f36ed06eeb38,lodo_aptos-ddr-eyepacs__idrid_vit-large-mae-in1k_linprobe-b256_s2,"temperature, config, recorded metrics"
predictions\lodo_aptos-ddr-eyepacs__idrid_vit-large-mae-in1k_linprobe-b256_s3__target_test[idrid]_predictions.csv,predictions,96386,9d4241bb13f7b364b925e794d4a96da6adcd93fdfffc7c94f920aabf9f331eae,lodo_aptos-ddr-eyepacs__idrid_vit-large-mae-in1k_linprobe-b256_s3,master results
configs\lodo_aptos-ddr-eyepacs__idrid_vit-large-mae-in1k_linprobe-b256_s3_evaluation.json,config/report,9126,185689c825095d2876591f40e6a2e4ba2f0b523542ffd52b1e007a46eab0e797,lodo_aptos-ddr-eyepacs__idrid_vit-large-mae-in1k_linprobe-b256_s3,"temperature, config, recorded metrics"
predictions\lodo_aptos-ddr-eyepacs__idrid_vit-large-mae-in1k_linprobe-b256_s4__target_test[idrid]_predictions.csv,predictions,96440,b3f2eed36a04c72b84cec6c2e39d2c04a3f24189ced15d6e860530fb9666805c,lodo_aptos-ddr-eyepacs__idrid_vit-large-mae-in1k_linprobe-b256_s4,master results
configs\lodo_aptos-ddr-eyepacs__idrid_vit-large-mae-in1k_linprobe-b256_s4_evaluation.json,config/report,9127,b9831229230ae0352ddeaf12cffa640ca866a0a4aa75bf4c24d043728f4ea6d4,lodo_aptos-ddr-eyepacs__idrid_vit-large-mae-in1k_linprobe-b256_s4,"temperature, config, recorded metrics"
predictions\lodo_aptos-ddr-eyepacs__idrid_vit-large-mae-in1k_linprobe-b256_s5__target_test[idrid]_predictions.csv,predictions,96317,3ff71d3d1d6cbe19288ab57244448f44030dcbf91f153c3d4ef9e662fe8b058d,lodo_aptos-ddr-eyepacs__idrid_vit-large-mae-in1k_linprobe-b256_s5,master results
configs\lodo_aptos-ddr-eyepacs__idrid_vit-large-mae-in1k_linprobe-b256_s5_evaluation.json,config/report,9112,8278da4cad2c1328e1d47fa574d8ec21a3458ef111ba92a48a3bc2d5130ef30b,lodo_aptos-ddr-eyepacs__idrid_vit-large-mae-in1k_linprobe-b256_s5,"temperature, config, recorded metrics"
predictions\lodo_aptos-ddr-eyepacs__idrid_vit-large-mae-in1k_linprobe-b256_s6__target_test[idrid]_predictions.csv,predictions,96528,d87161388026adbb131c700671b21fe7e9dfb620504dd8d78ea5226e3c954ab4,lodo_aptos-ddr-eyepacs__idrid_vit-large-mae-in1k_linprobe-b256_s6,master results
configs\lodo_aptos-ddr-eyepacs__idrid_vit-large-mae-in1k_linprobe-b256_s6_evaluation.json,config/report,9095,732ee6dc5abc16961e7c87f92636c3dde647b48bfffd43748c37023054d0b815,lodo_aptos-ddr-eyepacs__idrid_vit-large-mae-in1k_linprobe-b256_s6,"temperature, config, recorded metrics"
predictions\lodo_aptos-ddr-eyepacs__idrid_vit-large-mae-in1k_linprobe-b256_s7__target_test[idrid]_predictions.csv,predictions,96293,f08405d836bdba14a498fed74525d3e465cf7fffa68afb5b27b35290e6946a97,lodo_aptos-ddr-eyepacs__idrid_vit-large-mae-in1k_linprobe-b256_s7,master results
configs\lodo_aptos-ddr-eyepacs__idrid_vit-large-mae-in1k_linprobe-b256_s7_evaluation.json,config/report,9095,45191152ad0f184747b5ad12c36f94220549167f0e460a37e7acbb7fd70ee6be,lodo_aptos-ddr-eyepacs__idrid_vit-large-mae-in1k_linprobe-b256_s7,"temperature, config, recorded metrics"
predictions\lodo_aptos-ddr-eyepacs__idrid_vit-large-mae-in1k_linprobe-b256_s8__target_test[idrid]_predictions.csv,predictions,96378,dad4716f76c1ac528e997fad0018853d9ac0be7b97355fafbcd5817359740c7f,lodo_aptos-ddr-eyepacs__idrid_vit-large-mae-in1k_linprobe-b256_s8,master results
configs\lodo_aptos-ddr-eyepacs__idrid_vit-large-mae-in1k_linprobe-b256_s8_evaluation.json,config/report,9109,8f6033f0d0d9b1edc4b4923fccdb1bf82d3a50bdfea36d2dc3f64b40d3167e34,lodo_aptos-ddr-eyepacs__idrid_vit-large-mae-in1k_linprobe-b256_s8,"temperature, config, recorded metrics"
predictions\lodo_aptos-ddr-eyepacs__idrid_vit-large-mae-in1k_linprobe-b256_s9__target_test[idrid]_predictions.csv,predictions,96310,a79202f0e3f0e4709a73433a23d96f64e3b843516a7e58a4e21c5a0efbab9b6d,lodo_aptos-ddr-eyepacs__idrid_vit-large-mae-in1k_linprobe-b256_s9,master results
configs\lodo_aptos-ddr-eyepacs__idrid_vit-large-mae-in1k_linprobe-b256_s9_evaluation.json,config/report,9087,0a2b6589ec528e4e57281b4ee9daa026cc58f65a30ede7b0a105adab981712b3,lodo_aptos-ddr-eyepacs__idrid_vit-large-mae-in1k_linprobe-b256_s9,"temperature, config, recorded metrics"
predictions\lodo_aptos-ddr-eyepacs__idrid_retfound-cfp_linprobe-b256_s42__target_test[idrid]_predictions.csv,predictions,96387,71c2dd58dc96e2c56d725bbc1a0ae5322ef7acc3c0c74308f4e804f8fa699c52,lodo_aptos-ddr-eyepacs__idrid_retfound-cfp_linprobe-b256_s42,master results
configs\lodo_aptos-ddr-eyepacs__idrid_retfound-cfp_linprobe-b256_s42_evaluation.json,config/report,9203,e30d084f6648a10f00071dd75a92efba9577e6f3b0a40edd1c0e6905880989f2,lodo_aptos-ddr-eyepacs__idrid_retfound-cfp_linprobe-b256_s42,"temperature, config, recorded metrics"
predictions\lodo_aptos-ddr-eyepacs__idrid_retfound-cfp_linprobe-b256_s1__target_test[idrid]_predictions.csv,predictions,96445,44f9e0b307e00d75f0075b3d267be1a59d7ffd0f28b2e0521f4b499342be3de8,lodo_aptos-ddr-eyepacs__idrid_retfound-cfp_linprobe-b256_s1,master results
configs\lodo_aptos-ddr-eyepacs__idrid_retfound-cfp_linprobe-b256_s1_evaluation.json,config/report,9195,12b490d25fea2678e0efce147d3d1288b1a2cd6092098e908add98441be940ba,lodo_aptos-ddr-eyepacs__idrid_retfound-cfp_linprobe-b256_s1,"temperature, config, recorded metrics"
predictions\lodo_aptos-ddr-eyepacs__idrid_retfound-cfp_linprobe-b256_s2__target_test[idrid]_predictions.csv,predictions,96460,3b1752b235f398c22e5370c979413a73933d3990751941f3e58a2dc4c290321a,lodo_aptos-ddr-eyepacs__idrid_retfound-cfp_linprobe-b256_s2,master results
configs\lodo_aptos-ddr-eyepacs__idrid_retfound-cfp_linprobe-b256_s2_evaluation.json,config/report,9198,12223e00ac9d66d5340f07636c727e901e02b2a4de15fb5a61ec8c84d6dc0a77,lodo_aptos-ddr-eyepacs__idrid_retfound-cfp_linprobe-b256_s2,"temperature, config, recorded metrics"
predictions\lodo_aptos-ddr-eyepacs__idrid_retfound-cfp_linprobe-b256_s3__target_test[idrid]_predictions.csv,predictions,96705,ed3833cbfc215e4473821ebd72ac81ad9193d2c4b6903ee3e0445c77ab57a67c,lodo_aptos-ddr-eyepacs__idrid_retfound-cfp_linprobe-b256_s3,master results
configs\lodo_aptos-ddr-eyepacs__idrid_retfound-cfp_linprobe-b256_s3_evaluation.json,config/report,9145,d1f6303bfba6cc1c47b7ddab24dfaabe0d5d84ae55a6a89f7a3fcd1fd71c51e3,lodo_aptos-ddr-eyepacs__idrid_retfound-cfp_linprobe-b256_s3,"temperature, config, recorded metrics"
predictions\lodo_aptos-ddr-eyepacs__idrid_retfound-cfp_linprobe-b256_s4__target_test[idrid]_predictions.csv,predictions,96608,7b0e2d2280e41183dd727a1529d32d173d2d8dc7fa86c6b07727b1ccd56df039,lodo_aptos-ddr-eyepacs__idrid_retfound-cfp_linprobe-b256_s4,master results
configs\lodo_aptos-ddr-eyepacs__idrid_retfound-cfp_linprobe-b256_s4_evaluation.json,config/report,9207,81b613c1b4e99adce0571bd38198cbc9f9034c30c3ffce50e40eeeb4d8391525,lodo_aptos-ddr-eyepacs__idrid_retfound-cfp_linprobe-b256_s4,"temperature, config, recorded metrics"
predictions\lodo_aptos-ddr-eyepacs__idrid_retfound-cfp_linprobe-b256_s5__target_test[idrid]_predictions.csv,predictions,96441,02d1c52b7c0d3d8b106c58f7bcb4161b622de43f23cb1a0ea84526a9dc9c08de,lodo_aptos-ddr-eyepacs__idrid_retfound-cfp_linprobe-b256_s5,master results
configs\lodo_aptos-ddr-eyepacs__idrid_retfound-cfp_linprobe-b256_s5_evaluation.json,config/report,9196,010344c28ddcf68bfd1c23d03040d06de065eda14842e4711472d74702d4c4cf,lodo_aptos-ddr-eyepacs__idrid_retfound-cfp_linprobe-b256_s5,"temperature, config, recorded metrics"
predictions\lodo_aptos-ddr-eyepacs__idrid_retfound-cfp_linprobe-b256_s6__target_test[idrid]_predictions.csv,predictions,96519,6f25fd38b03f1b6fd0c2251a8f0a07d3cd1414bedb5f3bfa949237655886a57e,lodo_aptos-ddr-eyepacs__idrid_retfound-cfp_linprobe-b256_s6,master results
configs\lodo_aptos-ddr-eyepacs__idrid_retfound-cfp_linprobe-b256_s6_evaluation.json,config/report,9191,b717f865d8928567eae155b617a7103f5dd18e8c3d0fec370e2c2fd993faa2ce,lodo_aptos-ddr-eyepacs__idrid_retfound-cfp_linprobe-b256_s6,"temperature, config, recorded metrics"
predictions\lodo_aptos-ddr-eyepacs__idrid_retfound-cfp_linprobe-b256_s7__target_test[idrid]_predictions.csv,predictions,96475,8e796c50fc6c256f861d1758be61377969031f4f1bf051d3a0965ef8034a9c3d,lodo_aptos-ddr-eyepacs__idrid_retfound-cfp_linprobe-b256_s7,master results
configs\lodo_aptos-ddr-eyepacs__idrid_retfound-cfp_linprobe-b256_s7_evaluation.json,config/report,9209,c06bbcf3b7dd3ee900f54c226c03fb11ba3523d7dea9494121fccef242e6e554,lodo_aptos-ddr-eyepacs__idrid_retfound-cfp_linprobe-b256_s7,"temperature, config, recorded metrics"
predictions\lodo_aptos-ddr-eyepacs__idrid_retfound-cfp_linprobe-b256_s8__target_test[idrid]_predictions.csv,predictions,96399,5ac2534bae3ed8f47df2e69f4ddf90ff2f4f6db964367509c1321c61fe65bd75,lodo_aptos-ddr-eyepacs__idrid_retfound-cfp_linprobe-b256_s8,master results
configs\lodo_aptos-ddr-eyepacs__idrid_retfound-cfp_linprobe-b256_s8_evaluation.json,config/report,9160,bd0980d1a8a6bef554deca661e022179e4e79b1b0bb2dbc66145f0bdf9f83aae,lodo_aptos-ddr-eyepacs__idrid_retfound-cfp_linprobe-b256_s8,"temperature, config, recorded metrics"
predictions\lodo_aptos-ddr-eyepacs__idrid_retfound-cfp_linprobe-b256_s9__target_test[idrid]_predictions.csv,predictions,96562,265bd57f9e34bc6232b715572b958a2daa04e89284e7ed2115ef8256b4230961,lodo_aptos-ddr-eyepacs__idrid_retfound-cfp_linprobe-b256_s9,master results
configs\lodo_aptos-ddr-eyepacs__idrid_retfound-cfp_linprobe-b256_s9_evaluation.json,config/report,9212,815e1f9fa3d791bca010e8079f58fd36438dbbe6ef242dbc337c7318dff9f5aa,lodo_aptos-ddr-eyepacs__idrid_retfound-cfp_linprobe-b256_s9,"temperature, config, recorded metrics"
predictions\lodo_aptos-ddr-eyepacs__idrid_vit-large-mae-in1k_erm-b16-tb4-lr0.0001_s42__target_test[idrid]_predictions.csv,predictions,97308,965af0e5fb9a6462dc432708e5506f4e361ccc08b3461a2a22c9acc76126d58d,lodo_aptos-ddr-eyepacs__idrid_vit-large-mae-in1k_erm-b16-tb4-lr0.0001_s42,master results; adaptation depth
configs\lodo_aptos-ddr-eyepacs__idrid_vit-large-mae-in1k_erm-b16-tb4-lr0.0001_s42_evaluation.json,config/report,9392,4af3a50c3720a205ea2276d6d31330f8aef281f04eaf591eaf3c7f36a76c4144,lodo_aptos-ddr-eyepacs__idrid_vit-large-mae-in1k_erm-b16-tb4-lr0.0001_s42,"temperature, config, recorded metrics"
predictions\lodo_aptos-ddr-eyepacs__idrid_vit-large-mae-in1k_erm-b16-tb4-lr0.0001_s1__target_test[idrid]_predictions.csv,predictions,96637,8500ca6d2f96ac6f634b16c456d6878a9388124b802dedf2f91e6598d4451a44,lodo_aptos-ddr-eyepacs__idrid_vit-large-mae-in1k_erm-b16-tb4-lr0.0001_s1,master results; adaptation depth
configs\lodo_aptos-ddr-eyepacs__idrid_vit-large-mae-in1k_erm-b16-tb4-lr0.0001_s1_evaluation.json,config/report,9389,d08959153cb77dc87eca143d76912b9907581a48701505efeea90c2dbe76cb9a,lodo_aptos-ddr-eyepacs__idrid_vit-large-mae-in1k_erm-b16-tb4-lr0.0001_s1,"temperature, config, recorded metrics"
predictions\lodo_aptos-ddr-eyepacs__idrid_vit-large-mae-in1k_erm-b16-tb4-lr0.0001_s2__target_test[idrid]_predictions.csv,predictions,96432,a0d7d9d012bae351d71dfcf72548b8fc16ebbbc176205ebcf2869a065ab0a61a,lodo_aptos-ddr-eyepacs__idrid_vit-large-mae-in1k_erm-b16-tb4-lr0.0001_s2,master results; adaptation depth
configs\lodo_aptos-ddr-eyepacs__idrid_vit-large-mae-in1k_erm-b16-tb4-lr0.0001_s2_evaluation.json,config/report,9406,ca082199ee7e4564f1f679907e5505ab8038ff084370924bd21ba786437578ca,lodo_aptos-ddr-eyepacs__idrid_vit-large-mae-in1k_erm-b16-tb4-lr0.0001_s2,"temperature, config, recorded metrics"
predictions\lodo_aptos-ddr-eyepacs__idrid_vit-large-mae-in1k_erm-b16-tb4-lr0.0001_s3__target_test[idrid]_predictions.csv,predictions,96392,955db2c62891d49043f450d3cc653a8a5015e0c07d03e02237de75e2819eb5e4,lodo_aptos-ddr-eyepacs__idrid_vit-large-mae-in1k_erm-b16-tb4-lr0.0001_s3,master results; adaptation depth
configs\lodo_aptos-ddr-eyepacs__idrid_vit-large-mae-in1k_erm-b16-tb4-lr0.0001_s3_evaluation.json,config/report,9382,2981995d2604ed1e3ed0db2b936832b16a0fc432ee5f4c4c89e849fee2a8324a,lodo_aptos-ddr-eyepacs__idrid_vit-large-mae-in1k_erm-b16-tb4-lr0.0001_s3,"temperature, config, recorded metrics"
predictions\lodo_aptos-ddr-eyepacs__idrid_vit-large-mae-in1k_erm-b16-tb4-lr0.0001_s4__target_test[idrid]_predictions.csv,predictions,96933,f545f092889d5be5b2cb8532fa6463ef45cd9b1079ec72d2b63855325c486a08,lodo_aptos-ddr-eyepacs__idrid_vit-large-mae-in1k_erm-b16-tb4-lr0.0001_s4,master results; adaptation depth
configs\lodo_aptos-ddr-eyepacs__idrid_vit-large-mae-in1k_erm-b16-tb4-lr0.0001_s4_evaluation.json,config/report,9385,7989386654caf09d1b7478fcb34fa81e1d53a96d6a81484b11365a0fb6f14c8b,lodo_aptos-ddr-eyepacs__idrid_vit-large-mae-in1k_erm-b16-tb4-lr0.0001_s4,"temperature, config, recorded metrics"
predictions\lodo_aptos-ddr-eyepacs__idrid_retfound-cfp_erm-b16-tb4-lr0.0001_s42__target_test[idrid]_predictions.csv,predictions,97334,849c0a1a29fadc805dbcc2eff898105a4b9e034e126062bba32b07452f5dde6d,lodo_aptos-ddr-eyepacs__idrid_retfound-cfp_erm-b16-tb4-lr0.0001_s42,master results; adaptation depth
configs\lodo_aptos-ddr-eyepacs__idrid_retfound-cfp_erm-b16-tb4-lr0.0001_s42_evaluation.json,config/report,9347,490b07f46354918fc618c07f7435d3b0410a9cfc3031e67e80aee42eec207683,lodo_aptos-ddr-eyepacs__idrid_retfound-cfp_erm-b16-tb4-lr0.0001_s42,"temperature, config, recorded metrics"
predictions\lodo_aptos-ddr-eyepacs__idrid_retfound-cfp_erm-b16-tb4-lr0.0001_s1__target_test[idrid]_predictions.csv,predictions,97400,69d7763949331d61441a1eb40529e968bd66c23216e3d6ff9dcad2e382c912b8,lodo_aptos-ddr-eyepacs__idrid_retfound-cfp_erm-b16-tb4-lr0.0001_s1,master results; adaptation depth
configs\lodo_aptos-ddr-eyepacs__idrid_retfound-cfp_erm-b16-tb4-lr0.0001_s1_evaluation.json,config/report,9390,c9f6157e09587464a57ebcc7f29001365745785b5cdc548d42b48893897ba160,lodo_aptos-ddr-eyepacs__idrid_retfound-cfp_erm-b16-tb4-lr0.0001_s1,"temperature, config, recorded metrics"
predictions\lodo_aptos-ddr-eyepacs__idrid_retfound-cfp_erm-b16-tb4-lr0.0001_s2__target_test[idrid]_predictions.csv,predictions,97812,653f8662988916741133da092179841d88d760e74c5ad137f569bff5365b6dac,lodo_aptos-ddr-eyepacs__idrid_retfound-cfp_erm-b16-tb4-lr0.0001_s2,master results; adaptation depth
configs\lodo_aptos-ddr-eyepacs__idrid_retfound-cfp_erm-b16-tb4-lr0.0001_s2_evaluation.json,config/report,9354,dd578709956f28314ec2b65a1e64f04f8ea03fa51f1f8dc5825ca2e6638b1284,lodo_aptos-ddr-eyepacs__idrid_retfound-cfp_erm-b16-tb4-lr0.0001_s2,"temperature, config, recorded metrics"
predictions\lodo_aptos-ddr-eyepacs__idrid_retfound-cfp_erm-b16-tb4-lr0.0001_s3__target_test[idrid]_predictions.csv,predictions,96996,d2eb98e708139fb39a8ecd14bfd771524754a58da385314c893a3834a0263990,lodo_aptos-ddr-eyepacs__idrid_retfound-cfp_erm-b16-tb4-lr0.0001_s3,master results; adaptation depth
configs\lodo_aptos-ddr-eyepacs__idrid_retfound-cfp_erm-b16-tb4-lr0.0001_s3_evaluation.json,config/report,9375,e2ad64fb83c4a288c3cc9a1a89680b1cf9bbd73539d85cdeb54d268dce75a0ab,lodo_aptos-ddr-eyepacs__idrid_retfound-cfp_erm-b16-tb4-lr0.0001_s3,"temperature, config, recorded metrics"
predictions\lodo_aptos-ddr-eyepacs__idrid_retfound-cfp_erm-b16-tb4-lr0.0001_s4__target_test[idrid]_predictions.csv,predictions,97876,ca878d8756e0d64c731574bb92afb081b1cfe390194d4a12bad44b9cd7e3ab81,lodo_aptos-ddr-eyepacs__idrid_retfound-cfp_erm-b16-tb4-lr0.0001_s4,master results; adaptation depth
configs\lodo_aptos-ddr-eyepacs__idrid_retfound-cfp_erm-b16-tb4-lr0.0001_s4_evaluation.json,config/report,9376,7477127e55acfab0ce1ae64f9d56e28c0007c57bc42e3cde0443b608ac9f6699,lodo_aptos-ddr-eyepacs__idrid_retfound-cfp_erm-b16-tb4-lr0.0001_s4,"temperature, config, recorded metrics"
experiment_registry.csv,registry,447521,63e81d615084812a231afc599dfbb4f1dc41b756cd8a8f7ce3f20799da3a6192,(all),"run accounting, identity audit, provenance"
tables\JBHI_MASTER_RESULTS.csv,authoritative table,3091,bbab954c7a24047b722ee71028d57645422562b6183ea75636ef84bca4706802,(derived),manuscript tables and text
tables\JBHI_PRIMARY_INTERACTION.csv,authoritative table,961,ffd5937e23b8e3c9a3aac946d4a158e622a0f35d398aba5b39f7dcbb12d2bc88,(derived),manuscript tables and text
tables\JBHI_REFERABLE_DR_SECONDARY.csv,authoritative table,2214,9cccd184650d21bf57ff536a2e272706aa9360b2c9f750e0ef160c47795b0072,(derived),manuscript tables and text
tables\JBHI_REFERABLE_DR_PER_SEED.csv,authoritative table,5899,c9b7007e38d159540c296e30148b0a7ecc0a41b8b416faadf4aa05b3dfafabe7,(derived),manuscript tables and text
tables\final_claim_evidence.csv,authoritative table,8382,a9a46d1699f0a24107e9fce058c874416a9cec3be4ce3580cbb94334fe16aeab,(derived),manuscript tables and text
tables\two_domain_interaction_holm.csv,authoritative table,707,872ae44294f630001c6394c8c1d322acafe2e5adc7006c4fb9b3a1a895d4ecf5,(derived),manuscript tables and text
tables\aptos_full_finetune_per_seed.csv,authoritative table,718,fdbaa2939542d2026981a0cd8fada4aad1c863d3a6a82bde8b29a69de37248eb,(derived),manuscript tables and text
tables\aptos_full_finetune_primary.csv,authoritative table,473,b565f10a7b59f7ce644f4f36c65435164edd886b9210d0913ca67271a22ac0db,(derived),manuscript tables and text
tables\aptos_adaptation_depth.csv,authoritative table,1074,3956f3198012f243ca4928984d7a93af3a43a37f573e2851513896d9fa526559,(derived),manuscript tables and text
tables\aptos_secondary_outcomes.csv,authoritative table,1628,6885ff354e229dbf5d675e7cea3ceb61b3939b325ee8388b8e8c4b76fcdadb7f,(derived),manuscript tables and text
tables\aptos_full_finetune_source_validation.csv,authoritative table,1571,b170e42c19815f9e74514029981d8f5a33f8e4b127bc002624739213681e005a,(derived),manuscript tables and text
tables\full_finetune_per_seed.csv,authoritative table,719,a9b5d423a7ea028c000bf066f0607b0a60024a91d8386eaf54dc798127e1f52d,(derived),manuscript tables and text
tables\full_finetune_primary.csv,authoritative table,473,537b8d1e47242086fe345b13922b908d5bf0f2fb76fb17d9ab633536178044e3,(derived),manuscript tables and text
tables\full_finetune_secondary_interactions.csv,authoritative table,675,11b2a0c0c9128021c3a9f185b93c92fd49dc85ecb2fedd2ad2b45c8343622b51,(derived),manuscript tables and text
tables\full_finetune_secondary_outcomes.csv,authoritative table,1622,8b5f955fcfdb74bcf0db4666d4ed63ea116baf0d7c5a4baa7777a2f4788e5066,(derived),manuscript tables and text
tables\full_finetune_source_validation.csv,authoritative table,1569,dd485d8d011d2af4af0195e06aa8e18730b3cedfcfa5c472f3806b1565d35f51,(derived),manuscript tables and text
tables\ft_convergence_source_validation.csv,authoritative table,584,99e845c1ff5883bb4b2d8b4abd6758b9626972e6600914a14fca055b3e24832a,(derived),manuscript tables and text
tables\figure_qwk_by_domain_protocol_seed.csv,authoritative table,2428,501a12a70552577a53ec28cd9eb1de54a93a08e4437566eb9cf13054610f68e6,(derived),manuscript tables and text
tables\configuration_decomposition.csv,authoritative table,6726,7229e871e64dc516bacf9b5cf619f071026570fbde71915a0ed51d3103ab80a0,(derived),manuscript tables and text
tables\configuration_per_seed.csv,authoritative table,3533,6a5b699f76489c1988e1182a982b84f20d837fa7298a1542e37c9240f16a2b27,(derived),manuscript tables and text
tables\JBHI_EVIDENCE_MANIFEST.csv,authoritative table,36553,11a32282fa9f8d85e2ba2042e3788b3610eee7a1949ec56b2e06398bf98bd853,(derived),manuscript tables and text
tables\JBHI_RUN_ACCOUNTING.csv,authoritative table,21382,5d58c7dc346c44f5e73f3093e6b4a2bfbdbbe5f9509d2c299e446142679cda1c,(derived),manuscript tables and text
tables\JBHI_ENVIRONMENT.csv,authoritative table,571,d91c03667333eda8b3beb43f297672931a8eb967317a018dbd2cf394d2e7ef9c,(derived),manuscript tables and text
tables\table1_dataset_characteristics.csv,authoritative table,284,33f154e2ed6cfa3f944a46b6fc6943c4bf6630fe2e370294be0c1747f5a1188c,(derived),manuscript tables and text
figures\FIGURE_PROVENANCE.csv,figure provenance,5362,2986e401a015d3b0b76379ab640f739da34c52e048432b4d5d245a0d2f382045,(derived),figure traceability
scripts\analyse_aptos_replication.py,analysis script,23843,65af6322fe1705311bda2eb8f7862f27fe2230cb686f6455f15ef07f036ed77f,(code),regenerates the tables and figures
scripts\analyse_full_finetune.py,analysis script,15412,fd79cbbe4ca7ecce5325d7c294f70311d9e60f95d93b1a46ea95f2920dcf9278,(code),regenerates the tables and figures
scripts\analyse_ft_source_validation.py,analysis script,9349,9ba4795ec4c5163da18e3f04527de19c371c86237baba0ba527b6c1a6368a2e7,(code),regenerates the tables and figures
scripts\analyse_ft_convergence.py,analysis script,7112,970f1c7dcaba6903fb11ff4a567831e3739f9302f43c1ba3a9f02aa6df90fd3a,(code),regenerates the tables and figures
scripts\export_jbhi_tables.py,analysis script,19178,f9c95f9b035d85cdcc50dd6ecc2766f7f10ae9a63aa2627bb64c8eef49faa340,(code),regenerates the tables and figures
scripts\export_claim_evidence_map.py,analysis script,14496,13bc75293bdd8bd324df7ec759ec085a0477ec65761d279d83f920276b804778,(code),regenerates the tables and figures
scripts\export_referable_dr_secondary.py,analysis script,9397,d380066f123444fd456ea3e02a4700062d339877b0be1137ab94f114a1f24a88,(code),regenerates the tables and figures
scripts\export_evidence_freeze.py,analysis script,10014,bdc4f3ca2d3c7ae535cfaa842a4cd56bd6cc33c9cc376280527bb7d562e2ccf8,(code),regenerates the tables and figures
scripts\export_figure_provenance.py,analysis script,8411,f75bc2cceb0104cb5d0c0901d7f320037e737c97f5eb869c2efbbf159c1fe813,(code),regenerates the tables and figures
scripts\make_jbhi_figures.py,analysis script,20497,f0b9673debf0afbebf8b85c3c04c97b07f2d8d0101aafe50234b4f41f2b5ec6a,(code),regenerates the tables and figures
scripts\make_jbhi_supplement_figures.py,analysis script,22078,874243dc18613ead2b14f38747c81c1b4f1df5ff258d6e3a43c8c00edb576e2c,(code),regenerates the tables and figures
scripts\audit_consistency.py,analysis script,24777,6a43c6bce4a9be8a82cee1a0e49b2418ad5eabe808349d184370f9e547266944,(code),regenerates the tables and figures
scripts\audit_resumed_runs.py,analysis script,13802,3c39741dc1f619122c3bab7006852921599bbf02459921181710866be6f814d6,(code),regenerates the tables and figures
scripts\audit_experiment_identity.py,analysis script,8333,bb5d0af2d1962529c380102a292d5019ac0af169507c725618750baa8aef4c9b,(code),regenerates the tables and figures
requirements.txt,environment,2456,b44a93324bc8b338643fc11e431c4230185fb38cc03bd42fdacc66f85a019036,(code),dependency pinning
