experiment_id,run_id,model,target,seed,checkpoint_path,size_bytes,sha256,registry_status,classification,predictions_exist,history_exists,config_exists,result_json_exists,prediction_audit_passes,prediction_audit_note,decision,reason
lodo_ddr-eyepacs-idrid__aptos_vit-large-mae-in1k_erm-b16-tb4-lr0.0001_s1,lodo_ddr-eyepacs-idrid__aptos_vit-large-mae-in1k_erm-b16-tb4-lr0.0001_s1,ImageNet-MAE,aptos,1,outputs\checkpoints\lodo_ddr-eyepacs-idrid__aptos_vit-large-mae-in1k_erm-b16-tb4-lr0.0001_s1\best_qwk.pt,1616531095,7e13d33e2436b9281ac8352828626445bb39c08d5fc093604ccd9cf11fe7345f,COMPLETE,authoritative,True,True,True,True,True,qwk matches (0.822032),DELETE,reproducible from retained predictions
lodo_ddr-eyepacs-idrid__aptos_vit-large-mae-in1k_erm-b16-tb4-lr0.0001_s2,lodo_ddr-eyepacs-idrid__aptos_vit-large-mae-in1k_erm-b16-tb4-lr0.0001_s2,ImageNet-MAE,aptos,2,outputs\checkpoints\lodo_ddr-eyepacs-idrid__aptos_vit-large-mae-in1k_erm-b16-tb4-lr0.0001_s2\best_qwk.pt,1616531031,b0daafe749ac03e4695d15d8c1d497a8db5e1536c5362f18e01499fe42f22aa4,COMPLETE,authoritative,True,True,True,True,True,qwk matches (0.844928),DELETE,reproducible from retained predictions
lodo_ddr-eyepacs-idrid__aptos_vit-large-mae-in1k_erm-b16-tb4-lr0.0001_s3,lodo_ddr-eyepacs-idrid__aptos_vit-large-mae-in1k_erm-b16-tb4-lr0.0001_s3,ImageNet-MAE,aptos,3,outputs\checkpoints\lodo_ddr-eyepacs-idrid__aptos_vit-large-mae-in1k_erm-b16-tb4-lr0.0001_s3\best_qwk.pt,1616531095,782e2b7a595141ed31728a38c4ecd6816c82fcbb10dd7b83e5951a275c58d496,COMPLETE,authoritative,True,True,True,True,True,qwk matches (0.809081),DELETE,reproducible from retained predictions
lodo_ddr-eyepacs-idrid__aptos_vit-large-mae-in1k_erm-b16-tb4-lr0.0001_s4,lodo_ddr-eyepacs-idrid__aptos_vit-large-mae-in1k_erm-b16-tb4-lr0.0001_s4,ImageNet-MAE,aptos,4,outputs\checkpoints\lodo_ddr-eyepacs-idrid__aptos_vit-large-mae-in1k_erm-b16-tb4-lr0.0001_s4\best_qwk.pt,1616531031,ce37b89b084ebc0fb6a09ff35ba19065ac88673a8fe20020d275877df19bdbc6,COMPLETE,authoritative,True,True,True,True,True,qwk matches (0.846777),DELETE,reproducible from retained predictions
lodo_ddr-eyepacs-idrid__aptos_vit-large-mae-in1k_erm-b16-tb4-lr0.0001_s42,lodo_ddr-eyepacs-idrid__aptos_vit-large-mae-in1k_erm-b16-tb4-lr0.0001_s42,ImageNet-MAE,aptos,42,outputs\checkpoints\lodo_ddr-eyepacs-idrid__aptos_vit-large-mae-in1k_erm-b16-tb4-lr0.0001_s42\best_qwk.pt,1616531095,db0048b3a575169b455228be91fbb51d37d24f44db5c00ebb4ad6b757619826f,COMPLETE,authoritative,True,True,True,True,True,qwk matches (0.843974),RETAIN,matched representative pair for this target
lodo_ddr-eyepacs-idrid__aptos_retfound-cfp_erm-b16-tb4-lr0.0001_s1,lodo_ddr-eyepacs-idrid__aptos_retfound-cfp_erm-b16-tb4-lr0.0001_s1,RETFound-CFP,aptos,1,outputs\checkpoints\lodo_ddr-eyepacs-idrid__aptos_retfound-cfp_erm-b16-tb4-lr0.0001_s1\best_qwk.pt,1616531095,dcdca2b54df82c0dbedbe23064a05fe6a6bb253443958258174b149ebc983124,COMPLETE,authoritative,True,True,True,True,True,qwk matches (0.816131),DELETE,reproducible from retained predictions
lodo_ddr-eyepacs-idrid__aptos_retfound-cfp_erm-b16-tb4-lr0.0001_s2,lodo_ddr-eyepacs-idrid__aptos_retfound-cfp_erm-b16-tb4-lr0.0001_s2,RETFound-CFP,aptos,2,outputs\checkpoints\lodo_ddr-eyepacs-idrid__aptos_retfound-cfp_erm-b16-tb4-lr0.0001_s2\best_qwk.pt,1616531031,30971c03436fb15b52c498b41c24eee851492db9011da0a38944e45b1205577a,COMPLETE,authoritative,True,True,True,True,True,qwk matches (0.819338),DELETE,reproducible from retained predictions
lodo_ddr-eyepacs-idrid__aptos_retfound-cfp_erm-b16-tb4-lr0.0001_s3,lodo_ddr-eyepacs-idrid__aptos_retfound-cfp_erm-b16-tb4-lr0.0001_s3,RETFound-CFP,aptos,3,outputs\checkpoints\lodo_ddr-eyepacs-idrid__aptos_retfound-cfp_erm-b16-tb4-lr0.0001_s3\best_qwk.pt,1616531095,1e4c8d542c94b457364b76fef2b66f047884f59c5888a173c989a337eb876cbc,COMPLETE,authoritative,True,True,True,True,True,qwk matches (0.829778),DELETE,reproducible from retained predictions
lodo_ddr-eyepacs-idrid__aptos_retfound-cfp_erm-b16-tb4-lr0.0001_s4,lodo_ddr-eyepacs-idrid__aptos_retfound-cfp_erm-b16-tb4-lr0.0001_s4,RETFound-CFP,aptos,4,outputs\checkpoints\lodo_ddr-eyepacs-idrid__aptos_retfound-cfp_erm-b16-tb4-lr0.0001_s4\best_qwk.pt,1616531031,561fe02608e1b47e3d70ca3f30d9caf7c3ddbcbb59dde03412f34efd0be576c2,COMPLETE,authoritative,True,True,True,True,True,qwk matches (0.836525),DELETE,reproducible from retained predictions
lodo_ddr-eyepacs-idrid__aptos_retfound-cfp_erm-b16-tb4-lr0.0001_s42,lodo_ddr-eyepacs-idrid__aptos_retfound-cfp_erm-b16-tb4-lr0.0001_s42,RETFound-CFP,aptos,42,outputs\checkpoints\lodo_ddr-eyepacs-idrid__aptos_retfound-cfp_erm-b16-tb4-lr0.0001_s42\best_qwk.pt,1616531095,eda29533ab9672d899d095057055ff1df925a885ee4193b5c1eda970b1299232,COMPLETE,authoritative,True,True,True,True,True,qwk matches (0.828769),RETAIN,matched representative pair for this target
lodo_aptos-eyepacs-idrid__ddr_vit-large-mae-in1k_erm-b16-tb4-lr0.0001_s1,lodo_aptos-eyepacs-idrid__ddr_vit-large-mae-in1k_erm-b16-tb4-lr0.0001_s1,ImageNet-MAE,ddr,1,outputs\checkpoints\lodo_aptos-eyepacs-idrid__ddr_vit-large-mae-in1k_erm-b16-tb4-lr0.0001_s1\best_qwk.pt,1616531095,442d9aeab3453e7df21b5bbcbbc4be4d93ddae13a331f142289131e9c7687554,COMPLETE,authoritative,True,True,True,True,True,qwk matches (0.712553),DELETE,reproducible from retained predictions
lodo_aptos-eyepacs-idrid__ddr_vit-large-mae-in1k_erm-b16-tb4-lr0.0001_s2,lodo_aptos-eyepacs-idrid__ddr_vit-large-mae-in1k_erm-b16-tb4-lr0.0001_s2,ImageNet-MAE,ddr,2,outputs\checkpoints\lodo_aptos-eyepacs-idrid__ddr_vit-large-mae-in1k_erm-b16-tb4-lr0.0001_s2\best_qwk.pt,1616531031,5775838596fc7c37628d04b4dd7e27ab2f73fa57afdb1c9988d452381d90b521,COMPLETE,authoritative,True,True,True,True,True,qwk matches (0.726434),DELETE,reproducible from retained predictions
lodo_aptos-eyepacs-idrid__ddr_vit-large-mae-in1k_erm-b16-tb4-lr0.0001_s3,lodo_aptos-eyepacs-idrid__ddr_vit-large-mae-in1k_erm-b16-tb4-lr0.0001_s3,ImageNet-MAE,ddr,3,outputs\checkpoints\lodo_aptos-eyepacs-idrid__ddr_vit-large-mae-in1k_erm-b16-tb4-lr0.0001_s3\best_qwk.pt,1616531095,ba3c159e57b42c4fc8d9a841841f93f929b168ec0f39a4680f5006e15cb09f76,COMPLETE,authoritative,True,True,True,True,True,qwk matches (0.697868),DELETE,reproducible from retained predictions
lodo_aptos-eyepacs-idrid__ddr_vit-large-mae-in1k_erm-b16-tb4-lr0.0001_s4,lodo_aptos-eyepacs-idrid__ddr_vit-large-mae-in1k_erm-b16-tb4-lr0.0001_s4,ImageNet-MAE,ddr,4,outputs\checkpoints\lodo_aptos-eyepacs-idrid__ddr_vit-large-mae-in1k_erm-b16-tb4-lr0.0001_s4\best_qwk.pt,1616531031,f3e5e158dfb699b38bdb557dab902189f3a4487a715aa17c331ff0686b7e5027,COMPLETE,authoritative,True,True,True,True,True,qwk matches (0.721936),DELETE,reproducible from retained predictions
lodo_aptos-eyepacs-idrid__ddr_vit-large-mae-in1k_erm-b16-tb4-lr0.0001_s42,lodo_aptos-eyepacs-idrid__ddr_vit-large-mae-in1k_erm-b16-tb4-lr0.0001_s42,ImageNet-MAE,ddr,42,outputs\checkpoints\lodo_aptos-eyepacs-idrid__ddr_vit-large-mae-in1k_erm-b16-tb4-lr0.0001_s42\best_qwk.pt,1616531095,d181286bdfd5c7f5c11bc532bd58647014e0fec0250828dc179b4539019a5721,COMPLETE,authoritative,True,True,True,True,True,qwk matches (0.732664),RETAIN,matched representative pair for this target
lodo_aptos-eyepacs-idrid__ddr_retfound-cfp_erm-b16-tb4-lr0.0001_s1,lodo_aptos-eyepacs-idrid__ddr_retfound-cfp_erm-b16-tb4-lr0.0001_s1,RETFound-CFP,ddr,1,outputs\checkpoints\lodo_aptos-eyepacs-idrid__ddr_retfound-cfp_erm-b16-tb4-lr0.0001_s1\best_qwk.pt,1616531031,6878e0f135b5c07995bf1c71f440cdbaf4c4185fdf08a86672560dfbcd88ba48,COMPLETE,authoritative,True,True,True,True,True,qwk matches (0.716139),DELETE,reproducible from retained predictions
lodo_aptos-eyepacs-idrid__ddr_retfound-cfp_erm-b16-tb4-lr0.0001_s2,lodo_aptos-eyepacs-idrid__ddr_retfound-cfp_erm-b16-tb4-lr0.0001_s2,RETFound-CFP,ddr,2,outputs\checkpoints\lodo_aptos-eyepacs-idrid__ddr_retfound-cfp_erm-b16-tb4-lr0.0001_s2\best_qwk.pt,1616531031,acb726f7c5033370789863e3f61ce1265de0b9c3f2427fcd5d0fb6fc2d19627a,COMPLETE,authoritative,True,True,True,True,True,qwk matches (0.675846),DELETE,reproducible from retained predictions
lodo_aptos-eyepacs-idrid__ddr_retfound-cfp_erm-b16-tb4-lr0.0001_s3,lodo_aptos-eyepacs-idrid__ddr_retfound-cfp_erm-b16-tb4-lr0.0001_s3,RETFound-CFP,ddr,3,outputs\checkpoints\lodo_aptos-eyepacs-idrid__ddr_retfound-cfp_erm-b16-tb4-lr0.0001_s3\best_qwk.pt,1616531095,ca94c646374558ca0ff697e98d4d8a39832feb7021731d8740daab4325029e42,COMPLETE,authoritative,True,True,True,True,True,qwk matches (0.702665),DELETE,reproducible from retained predictions
lodo_aptos-eyepacs-idrid__ddr_retfound-cfp_erm-b16-tb4-lr0.0001_s4,lodo_aptos-eyepacs-idrid__ddr_retfound-cfp_erm-b16-tb4-lr0.0001_s4,RETFound-CFP,ddr,4,outputs\checkpoints\lodo_aptos-eyepacs-idrid__ddr_retfound-cfp_erm-b16-tb4-lr0.0001_s4\best_qwk.pt,1616531031,d76e34229949b3e4c4bc4063c5e2bd68853dc4dc5a92d03b45097f793ce6a705,COMPLETE,authoritative,True,True,True,True,True,qwk matches (0.702073),DELETE,reproducible from retained predictions
lodo_aptos-eyepacs-idrid__ddr_retfound-cfp_erm-b16-tb4-lr0.0001_s42,lodo_aptos-eyepacs-idrid__ddr_retfound-cfp_erm-b16-tb4-lr0.0001_s42,RETFound-CFP,ddr,42,outputs\checkpoints\lodo_aptos-eyepacs-idrid__ddr_retfound-cfp_erm-b16-tb4-lr0.0001_s42\best_qwk.pt,1616531031,17ae899551188565c52e58149d1cfca5b857a4194e3daa0ec6002e43c13cc143,COMPLETE,authoritative,True,True,True,True,True,qwk matches (0.686350),RETAIN,matched representative pair for this target
lodo_aptos-ddr-eyepacs__idrid_vit-large-mae-in1k_erm-b16-tb4-lr0.0001_s1,lodo_aptos-ddr-eyepacs__idrid_vit-large-mae-in1k_erm-b16-tb4-lr0.0001_s1,ImageNet-MAE,idrid,1,outputs\checkpoints\lodo_aptos-ddr-eyepacs__idrid_vit-large-mae-in1k_erm-b16-tb4-lr0.0001_s1\best_qwk.pt,1616531095,2826717621587916c991be207146b4b09eb1cbb4516ce3c3b9d3662a91c91c47,COMPLETE,authoritative,True,True,True,True,True,qwk matches (0.733983),DELETE,reproducible from retained predictions
lodo_aptos-ddr-eyepacs__idrid_vit-large-mae-in1k_erm-b16-tb4-lr0.0001_s2,lodo_aptos-ddr-eyepacs__idrid_vit-large-mae-in1k_erm-b16-tb4-lr0.0001_s2,ImageNet-MAE,idrid,2,outputs\checkpoints\lodo_aptos-ddr-eyepacs__idrid_vit-large-mae-in1k_erm-b16-tb4-lr0.0001_s2\best_qwk.pt,1616531031,3913228a92ae5023cf68b9e6bd302c700766252efeae9430baae928f1017d0d0,COMPLETE,authoritative,True,True,True,True,True,qwk matches (0.744088),DELETE,reproducible from retained predictions
lodo_aptos-ddr-eyepacs__idrid_vit-large-mae-in1k_erm-b16-tb4-lr0.0001_s3,lodo_aptos-ddr-eyepacs__idrid_vit-large-mae-in1k_erm-b16-tb4-lr0.0001_s3,ImageNet-MAE,idrid,3,outputs\checkpoints\lodo_aptos-ddr-eyepacs__idrid_vit-large-mae-in1k_erm-b16-tb4-lr0.0001_s3\best_qwk.pt,1616531607,021f7db373760ee30fed6daeba05ffe5169f58c9b019c79bbe3279123349b6af,COMPLETE,corrupted,True,True,True,True,True,qwk matches (0.730166),DELETE,"invalid execution; metadata retained, replacement pending"
lodo_aptos-ddr-eyepacs__idrid_vit-large-mae-in1k_erm-b16-tb4-lr0.0001_s4,lodo_aptos-ddr-eyepacs__idrid_vit-large-mae-in1k_erm-b16-tb4-lr0.0001_s4,ImageNet-MAE,idrid,4,outputs\checkpoints\lodo_aptos-ddr-eyepacs__idrid_vit-large-mae-in1k_erm-b16-tb4-lr0.0001_s4\best_qwk.pt,1616531031,565da70ad57405b6f85b14c15c32c5c6c3e1483e7be2ff8fcbfcd069fe1f736c,COMPLETE,authoritative,True,True,True,True,True,qwk matches (0.710530),DELETE,reproducible from retained predictions
lodo_aptos-ddr-eyepacs__idrid_vit-large-mae-in1k_erm-b16-tb4-lr0.0001_s42,lodo_aptos-ddr-eyepacs__idrid_vit-large-mae-in1k_erm-b16-tb4-lr0.0001_s42,ImageNet-MAE,idrid,42,outputs\checkpoints\lodo_aptos-ddr-eyepacs__idrid_vit-large-mae-in1k_erm-b16-tb4-lr0.0001_s42\best_qwk.pt,1616531095,69742391d5d6d554ad6673d34460cb6c32ef07e1ec6e86a2ab74aaa033d62dff,COMPLETE,authoritative,True,True,True,True,True,qwk matches (0.707382),RETAIN,matched representative pair for this target
lodo_aptos-ddr-eyepacs__idrid_retfound-cfp_erm-b16-tb4-lr0.0001_s1,lodo_aptos-ddr-eyepacs__idrid_retfound-cfp_erm-b16-tb4-lr0.0001_s1,RETFound-CFP,idrid,1,outputs\checkpoints\lodo_aptos-ddr-eyepacs__idrid_retfound-cfp_erm-b16-tb4-lr0.0001_s1\best_qwk.pt,1616531095,a5e54ca5e27163e9c9f249d1b82f102eefcc8338bbb5bd44b14742737c3bfe0a,COMPLETE,authoritative,True,True,True,True,True,qwk matches (0.771716),DELETE,reproducible from retained predictions
lodo_aptos-ddr-eyepacs__idrid_retfound-cfp_erm-b16-tb4-lr0.0001_s2,lodo_aptos-ddr-eyepacs__idrid_retfound-cfp_erm-b16-tb4-lr0.0001_s2,RETFound-CFP,idrid,2,outputs\checkpoints\lodo_aptos-ddr-eyepacs__idrid_retfound-cfp_erm-b16-tb4-lr0.0001_s2\best_qwk.pt,1616531031,108b76465e51984a7aeae1f6439c91b2de79e92982085aa6da9f00d946bd91bf,COMPLETE,authoritative,True,True,True,True,True,qwk matches (0.767169),DELETE,reproducible from retained predictions
lodo_aptos-ddr-eyepacs__idrid_retfound-cfp_erm-b16-tb4-lr0.0001_s3,lodo_aptos-ddr-eyepacs__idrid_retfound-cfp_erm-b16-tb4-lr0.0001_s3,RETFound-CFP,idrid,3,outputs\checkpoints\lodo_aptos-ddr-eyepacs__idrid_retfound-cfp_erm-b16-tb4-lr0.0001_s3\best_qwk.pt,1616531031,a8ec1b926fdbf75d86d556d4ba939e60ff709e87e1ee497784c04c6aca47fde2,COMPLETE,authoritative,True,True,True,True,True,qwk matches (0.761797),DELETE,reproducible from retained predictions
lodo_aptos-ddr-eyepacs__idrid_retfound-cfp_erm-b16-tb4-lr0.0001_s4,lodo_aptos-ddr-eyepacs__idrid_retfound-cfp_erm-b16-tb4-lr0.0001_s4,RETFound-CFP,idrid,4,outputs\checkpoints\lodo_aptos-ddr-eyepacs__idrid_retfound-cfp_erm-b16-tb4-lr0.0001_s4\best_qwk.pt,1616531031,fa1e6a0af12ee92929193c87296ff1610430359906098389beb15d1d1293fe71,COMPLETE,authoritative,True,True,True,True,True,qwk matches (0.722880),DELETE,reproducible from retained predictions
lodo_aptos-ddr-eyepacs__idrid_retfound-cfp_erm-b16-tb4-lr0.0001_s42,lodo_aptos-ddr-eyepacs__idrid_retfound-cfp_erm-b16-tb4-lr0.0001_s42,RETFound-CFP,idrid,42,outputs\checkpoints\lodo_aptos-ddr-eyepacs__idrid_retfound-cfp_erm-b16-tb4-lr0.0001_s42\best_qwk.pt,1616531095,2cfb34fdbf55265be8c5332e4afa66bc457ce068e40e5991e716288aeb600055,COMPLETE,authoritative,True,True,True,True,True,qwk matches (0.814199),RETAIN,matched representative pair for this target
