experiment_id,timestamp_utc,status,protocol,source_domains,target_domain,backbone,head,method,loss,imbalance_strategy,image_size,batch_size,accumulation_steps,effective_batch_size,learning_rate,weight_decay,epochs_planned,epochs_run,seed,deterministic,n_train,n_val,n_test,best_epoch,best_val_qwk,best_val_loss,best_checkpoint,test_qwk,test_f1_macro,test_accuracy,test_balanced_accuracy,test_mae_grade,test_within_1_grade,test_severe_error_rate,test_auroc_macro,test_ece,test_nll,test_brier,train_seconds,peak_vram_gb,params_total_m,params_trainable_m,predictions_path,history_path,config_json,notes
lodo_aptos-ddr__idrid_densenet121_erm-none_s42,2026-08-19T17:31:35+00:00,COMPLETE,lodo,"[""ddr"", ""aptos""]",idrid,densenet121,linear,erm-none,cross_entropy,none,224,16,1,16,0.0003,0.0001,20,20,42,False,11506,2206,507,18,0.878708061067158,,D:\Research Code\dr_domain_generalization\outputs\checkpoints\lodo_aptos-ddr__idrid_densenet121_erm-none_s42\best_qwk.pt,0.6823144986599111,0.4322832100892861,0.4911242603550296,0.5221380544898583,0.6469428007889546,0.8915187376725838,0.1084812623274161,0.8672238209730105,0.3456477245988225,2.14000383597265,0.8148277293928943,1111.0,1.12,6.96,6.96,D:\Research Code\dr_domain_generalization\outputs\predictions\lodo_aptos-ddr__idrid_densenet121_erm-none_s42__target_test[idrid]_predictions.csv,D:\Research Code\dr_domain_generalization\outputs\logs\lodo_aptos-ddr__idrid_densenet121_erm-none_s42_history.csv,,"Stage C baseline, 1 seed; temperature fitted on source validation only"
lodo_aptos-ddr__idrid_densenet121_erm-b32_s42,2026-08-19T17:59:41+00:00,COMPLETE,lodo,"[""ddr"", ""aptos""]",idrid,densenet121,linear,erm,cross_entropy,none,224,32,1,32,0.0003,0.0001,20,19,42,False,11506,2206,507,12,0.8797003741074338,0.4657061078410218,D:\Research Code\dr_domain_generalization\outputs\checkpoints\lodo_aptos-ddr__idrid_densenet121_erm-b32_s42\best_qwk.pt,0.7528824599851989,0.4679881086250504,0.5207100591715976,0.5253242346376392,0.5739644970414202,0.921104536489152,0.0788954635108481,0.8772825633958318,0.2646847103944661,1.6672367290670032,0.7101901817148658,766.5,2.12,6.96,6.96,D:\Research Code\dr_domain_generalization\outputs\predictions\lodo_aptos-ddr__idrid_densenet121_erm-b32_s42__target_test[idrid]_predictions.csv,D:\Research Code\dr_domain_generalization\outputs\logs\lodo_aptos-ddr__idrid_densenet121_erm-b32_s42_history.csv,"{""epochs"": 20, ""batch_size"": 32, ""accumulation_steps"": 1, ""learning_rate"": 0.0003, ""head_learning_rate"": null, ""weight_decay"": 0.0001, ""warmup_epochs"": 1, ""scheduler"": ""cosine"", ""min_learning_rate"": 1e-06, ""amp"": true, ""grad_clip_norm"": 1.0, ""early_stopping_patience"": 6, ""monitor"": ""qwk"", ""monitor_mode"": ""max"", ""log_every_n_steps"": 50, ""num_classes"": 5, ""seed"": 42, ""show_progress"": true, ""effective_batch_size"": 32, ""method"": ""erm"", ""imbalance_strategy"": ""none"", ""ordinal"": false, ""domain_generalization"": ""none"", ""backbone"": ""densenet121"", ""pretrained"": true, ""head"": ""linear"", ""dropout"": 0.2, ""image_size"": 224, ""trainable_blocks"": null, ""mixstyle"": false, ""strategy"": ""none"", ""label_smoothing"": 0.0, ""loss"": ""cross_entropy""}","Stage C method comparison, batch 32, 1 seed; temperature fitted on source validation only; components={}"
lodo_aptos-ddr__idrid_densenet121_deep-coral-b32_s42,2026-08-19T18:31:06+00:00,COMPLETE,lodo,"[""ddr"", ""aptos""]",idrid,densenet121,linear,deep_coral,cross_entropy,none,224,32,1,32,0.0003,0.0001,20,20,42,False,11506,2206,507,16,0.8794015880505941,0.4723612058070907,D:\Research Code\dr_domain_generalization\outputs\checkpoints\lodo_aptos-ddr__idrid_densenet121_deep-coral-b32_s42\best_qwk.pt,0.6645649478125373,0.4197113495485891,0.514792899408284,0.4599572391592058,0.6607495069033531,0.8481262327416174,0.1518737672583826,0.8514478944864676,0.3352176577029143,1.9436029072658447,0.756800383723302,1067.5,2.23,6.96,6.96,D:\Research Code\dr_domain_generalization\outputs\predictions\lodo_aptos-ddr__idrid_densenet121_deep-coral-b32_s42__target_test[idrid]_predictions.csv,D:\Research Code\dr_domain_generalization\outputs\logs\lodo_aptos-ddr__idrid_densenet121_deep-coral-b32_s42_history.csv,"{""epochs"": 20, ""batch_size"": 32, ""accumulation_steps"": 1, ""learning_rate"": 0.0003, ""head_learning_rate"": null, ""weight_decay"": 0.0001, ""warmup_epochs"": 1, ""scheduler"": ""cosine"", ""min_learning_rate"": 1e-06, ""amp"": true, ""grad_clip_norm"": 1.0, ""early_stopping_patience"": 6, ""monitor"": ""qwk"", ""monitor_mode"": ""max"", ""log_every_n_steps"": 50, ""num_classes"": 5, ""seed"": 42, ""show_progress"": true, ""effective_batch_size"": 32, ""method"": ""deep_coral"", ""imbalance_strategy"": ""none"", ""ordinal"": false, ""domain_generalization"": ""deep_coral"", ""coral_lambda"": 1.0, ""backbone"": ""densenet121"", ""pretrained"": true, ""head"": ""linear"", ""dropout"": 0.2, ""image_size"": 224, ""trainable_blocks"": null, ""mixstyle"": false, ""strategy"": ""none"", ""label_smoothing"": 0.0, ""loss"": ""cross_entropy"", ""feature_loss"": ""deep_coral""}","Stage C method comparison, batch 32, 1 seed; temperature fitted on source validation only; components={'deep_coral': {'lambda': 1.0, 'min_samples_per_domain': 4, 'batches_seen': 7180, 'degenerate_batches': 209, 'degenerate_fraction': 0.0291}}"
lodo_aptos-ddr__idrid_densenet121_mixstyle-b32_s42,2026-08-19T18:51:37+00:00,COMPLETE,lodo,"[""ddr"", ""aptos""]",idrid,densenet121,linear,mixstyle,cross_entropy,none,224,32,1,32,0.0003,0.0001,20,20,42,False,11506,2206,507,15,0.8790587256486733,0.4535209492280863,D:\Research Code\dr_domain_generalization\outputs\checkpoints\lodo_aptos-ddr__idrid_densenet121_mixstyle-b32_s42\best_qwk.pt,0.6432999698478419,0.4193729875883653,0.5009861932938856,0.4878529956278664,0.6863905325443787,0.8362919132149902,0.1637080867850098,0.8596018396872178,0.3019056470083767,2.0840630172156827,0.7760683943721931,1222.4,2.42,6.96,6.96,D:\Research Code\dr_domain_generalization\outputs\predictions\lodo_aptos-ddr__idrid_densenet121_mixstyle-b32_s42__target_test[idrid]_predictions.csv,D:\Research Code\dr_domain_generalization\outputs\logs\lodo_aptos-ddr__idrid_densenet121_mixstyle-b32_s42_history.csv,"{""epochs"": 20, ""batch_size"": 32, ""accumulation_steps"": 1, ""learning_rate"": 0.0003, ""head_learning_rate"": null, ""weight_decay"": 0.0001, ""warmup_epochs"": 1, ""scheduler"": ""cosine"", ""min_learning_rate"": 1e-06, ""amp"": true, ""grad_clip_norm"": 1.0, ""early_stopping_patience"": 6, ""monitor"": ""qwk"", ""monitor_mode"": ""max"", ""log_every_n_steps"": 50, ""num_classes"": 5, ""seed"": 42, ""show_progress"": true, ""effective_batch_size"": 32, ""method"": ""mixstyle"", ""imbalance_strategy"": ""none"", ""ordinal"": false, ""domain_generalization"": ""mixstyle"", ""mixstyle_p"": 0.5, ""mixstyle_alpha"": 0.1, ""mixstyle_stages"": 2, ""backbone"": ""densenet121"", ""pretrained"": true, ""head"": ""linear"", ""dropout"": 0.2, ""image_size"": 224, ""trainable_blocks"": null, ""mixstyle"": false, ""strategy"": ""none"", ""label_smoothing"": 0.0, ""loss"": ""cross_entropy"", ""mixstyle_modules"": 2}","Stage C method comparison, batch 32, 1 seed; temperature fitted on source validation only; components={'mixstyle': {'p': 0.5, 'alpha': 0.1, 'batches_mixed': 3600, 'batches_skipped': 3580, 'applied_fraction': 0.5014}, 'mixstyle_n_modules': 2}"
lodo_aptos-ddr__idrid_densenet121_ordinal-b32_s42,2026-08-19T20:14:05+00:00,COMPLETE,lodo,"[""ddr"", ""aptos""]",idrid,densenet121,ordinal_coral,ordinal,coral_ordinal,none,224,32,1,32,0.0003,0.0001,20,20,42,False,11506,2206,507,17,0.862473583801994,,D:\Research Code\dr_domain_generalization\outputs\checkpoints\lodo_aptos-ddr__idrid_densenet121_ordinal-b32_s42\best_qwk.pt,0.6645553836010016,0.3936688634019187,0.5522682445759369,0.4354771335112007,0.6725838264299803,0.7830374753451677,0.2169625246548323,0.826795699138987,0.0594179079495003,1.603044674045666,0.6379183677622619,795.5000000000001,2.2,6.95,6.95,D:\Research Code\dr_domain_generalization\outputs\predictions\lodo_aptos-ddr__idrid_densenet121_ordinal-b32_s42__target_test[idrid]_predictions.csv,D:\Research Code\dr_domain_generalization\outputs\logs\lodo_aptos-ddr__idrid_densenet121_ordinal-b32_s42_history.csv,"{""method"": ""ordinal"", ""imbalance_strategy"": ""none"", ""ordinal"": true, ""domain_generalization"": ""none"", ""backbone"": ""densenet121"", ""pretrained"": true, ""num_classes"": 5, ""head"": ""ordinal_coral"", ""dropout"": 0.2, ""image_size"": 224, ""trainable_blocks"": null, ""mixstyle"": false, ""loss"": ""coral_ordinal"", ""prediction_rule"": ""coral_threshold_count""}","Stage C method comparison, batch 32, 1 seed; re-evaluated from checkpoint after the ordinal evaluation fix; prediction rule = coral_threshold_count"
lodo_aptos-ddr__idrid_densenet121_mixstyle-ordinal-b32_s42,2026-08-19T20:14:16+00:00,COMPLETE,lodo,"[""ddr"", ""aptos""]",idrid,densenet121,ordinal_coral,mixstyle_ordinal,coral_ordinal,none,224,32,1,32,0.0003,0.0001,20,20,42,False,11506,2206,507,16,0.8513374765398273,,D:\Research Code\dr_domain_generalization\outputs\checkpoints\lodo_aptos-ddr__idrid_densenet121_mixstyle-ordinal-b32_s42\best_qwk.pt,0.6623224878662592,0.3783179372161692,0.5522682445759369,0.4217358349251939,0.6706114398422091,0.7850098619329389,0.2149901380670611,0.8043550135141307,0.0627820033293504,1.6030681696553848,0.6388300900783531,1218.3,2.34,6.95,6.95,D:\Research Code\dr_domain_generalization\outputs\predictions\lodo_aptos-ddr__idrid_densenet121_mixstyle-ordinal-b32_s42__target_test[idrid]_predictions.csv,D:\Research Code\dr_domain_generalization\outputs\logs\lodo_aptos-ddr__idrid_densenet121_mixstyle-ordinal-b32_s42_history.csv,"{""method"": ""mixstyle_ordinal"", ""imbalance_strategy"": ""none"", ""ordinal"": true, ""domain_generalization"": ""mixstyle"", ""mixstyle_p"": 0.5, ""mixstyle_alpha"": 0.1, ""mixstyle_stages"": 2, ""backbone"": ""densenet121"", ""pretrained"": true, ""num_classes"": 5, ""head"": ""ordinal_coral"", ""dropout"": 0.2, ""image_size"": 224, ""trainable_blocks"": null, ""mixstyle"": false, ""loss"": ""coral_ordinal"", ""prediction_rule"": ""coral_threshold_count"", ""mixstyle_modules"": 2}","Stage C method comparison, batch 32, 1 seed; re-evaluated from checkpoint after the ordinal evaluation fix; prediction rule = coral_threshold_count"
lodo_aptos-ddr__idrid_densenet121_deep-coral-ordinal-b32_s42,2026-08-19T20:14:26+00:00,COMPLETE,lodo,"[""ddr"", ""aptos""]",idrid,densenet121,ordinal_coral,deep_coral_ordinal,coral_ordinal,none,224,32,1,32,0.0003,0.0001,20,20,42,False,11506,2206,507,17,0.8556452632900031,,D:\Research Code\dr_domain_generalization\outputs\checkpoints\lodo_aptos-ddr__idrid_densenet121_deep-coral-ordinal-b32_s42\best_qwk.pt,0.6707447853987718,0.3938426995003858,0.5660749506903353,0.4321566029271929,0.6489151873767258,0.796844181459566,0.2031558185404339,0.8111517983486098,0.0706580328870807,1.5996208687243925,0.6261404876153596,1073.6,2.21,6.95,6.95,D:\Research Code\dr_domain_generalization\outputs\predictions\lodo_aptos-ddr__idrid_densenet121_deep-coral-ordinal-b32_s42__target_test[idrid]_predictions.csv,D:\Research Code\dr_domain_generalization\outputs\logs\lodo_aptos-ddr__idrid_densenet121_deep-coral-ordinal-b32_s42_history.csv,"{""method"": ""deep_coral_ordinal"", ""imbalance_strategy"": ""none"", ""ordinal"": true, ""domain_generalization"": ""deep_coral"", ""coral_lambda"": 1.0, ""backbone"": ""densenet121"", ""pretrained"": true, ""num_classes"": 5, ""head"": ""ordinal_coral"", ""dropout"": 0.2, ""image_size"": 224, ""trainable_blocks"": null, ""mixstyle"": false, ""loss"": ""coral_ordinal"", ""prediction_rule"": ""coral_threshold_count"", ""feature_loss"": ""deep_coral""}","Stage C method comparison, batch 32, 1 seed; re-evaluated from checkpoint after the ordinal evaluation fix; prediction rule = coral_threshold_count"
lodo_aptos-ddr__idrid_densenet121_erm-b32_s1,2026-08-19T20:51:50+00:00,COMPLETE,lodo,"[""ddr"", ""aptos""]",idrid,densenet121,linear,erm,cross_entropy,none,224,32,1,32,0.0003,0.0001,20,20,1,False,11506,2206,507,19,0.8794009864594553,0.4659041140660427,D:\Research Code\dr_domain_generalization\outputs\checkpoints\lodo_aptos-ddr__idrid_densenet121_erm-b32_s1\best_qwk.pt,0.6893953317404888,0.412384960969522,0.5009861932938856,0.4578378956550624,0.6548323471400395,0.863905325443787,0.136094674556213,0.8471129818765293,0.3246835702975121,2.119962111032443,0.7728313599751288,1062.3,2.12,6.96,6.96,D:\Research Code\dr_domain_generalization\outputs\predictions\lodo_aptos-ddr__idrid_densenet121_erm-b32_s1__target_test[idrid]_predictions.csv,D:\Research Code\dr_domain_generalization\outputs\logs\lodo_aptos-ddr__idrid_densenet121_erm-b32_s1_history.csv,"{""epochs"": 20, ""batch_size"": 32, ""accumulation_steps"": 1, ""learning_rate"": 0.0003, ""head_learning_rate"": null, ""weight_decay"": 0.0001, ""warmup_epochs"": 1, ""scheduler"": ""cosine"", ""min_learning_rate"": 1e-06, ""amp"": true, ""grad_clip_norm"": 1.0, ""early_stopping_patience"": 6, ""monitor"": ""qwk"", ""monitor_mode"": ""max"", ""log_every_n_steps"": 50, ""num_classes"": 5, ""seed"": 1, ""show_progress"": true, ""effective_batch_size"": 32, ""method"": ""erm"", ""imbalance_strategy"": ""none"", ""ordinal"": false, ""domain_generalization"": ""none"", ""backbone"": ""densenet121"", ""pretrained"": true, ""head"": ""linear"", ""dropout"": 0.2, ""image_size"": 224, ""trainable_blocks"": null, ""mixstyle"": false, ""strategy"": ""none"", ""label_smoothing"": 0.0, ""loss"": ""cross_entropy"", ""prediction_rule"": ""argmax_softmax""}","Stage C method comparison, batch 32, 1 seed; temperature fitted on source validation only; components={}"
lodo_aptos-ddr__idrid_densenet121_ordinal-b32_s1,2026-08-19T21:09:47+00:00,COMPLETE,lodo,"[""ddr"", ""aptos""]",idrid,densenet121,ordinal_coral,ordinal,coral_ordinal,none,224,32,1,32,0.0003,0.0001,20,20,1,False,11506,2206,507,19,0.859130929678854,0.925970246232506,D:\Research Code\dr_domain_generalization\outputs\checkpoints\lodo_aptos-ddr__idrid_densenet121_ordinal-b32_s1\best_qwk.pt,0.6562703910924766,0.3939654951884289,0.5542406311637081,0.4356745408942369,0.6706114398422091,0.7869822485207101,0.2130177514792899,0.8169358919887493,0.0684969367007532,1.605772598898645,0.6325483310529472,1067.7,2.2,6.95,6.95,D:\Research Code\dr_domain_generalization\outputs\predictions\lodo_aptos-ddr__idrid_densenet121_ordinal-b32_s1__target_test[idrid]_predictions.csv,D:\Research Code\dr_domain_generalization\outputs\logs\lodo_aptos-ddr__idrid_densenet121_ordinal-b32_s1_history.csv,"{""epochs"": 20, ""batch_size"": 32, ""accumulation_steps"": 1, ""learning_rate"": 0.0003, ""head_learning_rate"": null, ""weight_decay"": 0.0001, ""warmup_epochs"": 1, ""scheduler"": ""cosine"", ""min_learning_rate"": 1e-06, ""amp"": true, ""grad_clip_norm"": 1.0, ""early_stopping_patience"": 6, ""monitor"": ""qwk"", ""monitor_mode"": ""max"", ""log_every_n_steps"": 50, ""num_classes"": 5, ""seed"": 1, ""show_progress"": true, ""effective_batch_size"": 32, ""method"": ""ordinal"", ""imbalance_strategy"": ""none"", ""ordinal"": true, ""domain_generalization"": ""none"", ""backbone"": ""densenet121"", ""pretrained"": true, ""head"": ""ordinal_coral"", ""dropout"": 0.2, ""image_size"": 224, ""trainable_blocks"": null, ""mixstyle"": false, ""loss"": ""coral_ordinal"", ""prediction_rule"": ""coral_threshold_count""}","Stage C method comparison, batch 32, 1 seed; temperature fitted on source validation only; components={}"
lodo_aptos-ddr__idrid_densenet121_deep-coral-b32_s1,2026-08-19T21:27:57+00:00,COMPLETE,lodo,"[""ddr"", ""aptos""]",idrid,densenet121,linear,deep_coral,cross_entropy,none,224,32,1,32,0.0003,0.0001,20,20,1,False,11506,2206,507,17,0.8805575788365687,0.4566638180041227,D:\Research Code\dr_domain_generalization\outputs\checkpoints\lodo_aptos-ddr__idrid_densenet121_deep-coral-b32_s1\best_qwk.pt,0.6657205673654566,0.4081272552188263,0.4930966469428008,0.4500323678495347,0.6666666666666666,0.8658777120315582,0.1341222879684418,0.8449206506757923,0.3557419977949921,1.9567788024900816,0.7836939784355976,1081.0,2.29,6.96,6.96,D:\Research Code\dr_domain_generalization\outputs\predictions\lodo_aptos-ddr__idrid_densenet121_deep-coral-b32_s1__target_test[idrid]_predictions.csv,D:\Research Code\dr_domain_generalization\outputs\logs\lodo_aptos-ddr__idrid_densenet121_deep-coral-b32_s1_history.csv,"{""epochs"": 20, ""batch_size"": 32, ""accumulation_steps"": 1, ""learning_rate"": 0.0003, ""head_learning_rate"": null, ""weight_decay"": 0.0001, ""warmup_epochs"": 1, ""scheduler"": ""cosine"", ""min_learning_rate"": 1e-06, ""amp"": true, ""grad_clip_norm"": 1.0, ""early_stopping_patience"": 6, ""monitor"": ""qwk"", ""monitor_mode"": ""max"", ""log_every_n_steps"": 50, ""num_classes"": 5, ""seed"": 1, ""show_progress"": true, ""effective_batch_size"": 32, ""method"": ""deep_coral"", ""imbalance_strategy"": ""none"", ""ordinal"": false, ""domain_generalization"": ""deep_coral"", ""coral_lambda"": 1.0, ""backbone"": ""densenet121"", ""pretrained"": true, ""head"": ""linear"", ""dropout"": 0.2, ""image_size"": 224, ""trainable_blocks"": null, ""mixstyle"": false, ""strategy"": ""none"", ""label_smoothing"": 0.0, ""loss"": ""cross_entropy"", ""prediction_rule"": ""argmax_softmax"", ""feature_loss"": ""deep_coral""}","Stage C method comparison, batch 32, 1 seed; temperature fitted on source validation only; components={'deep_coral': {'lambda': 1.0, 'min_samples_per_domain': 4, 'batches_seen': 7180, 'degenerate_batches': 206, 'degenerate_fraction': 0.0287}}"
lodo_aptos-ddr__idrid_densenet121_mixstyle-b32_s1,2026-08-19T21:46:24+00:00,COMPLETE,lodo,"[""ddr"", ""aptos""]",idrid,densenet121,linear,mixstyle,cross_entropy,none,224,32,1,32,0.0003,0.0001,20,20,1,False,11506,2206,507,19,0.8773844546062551,0.4713948103666737,D:\Research Code\dr_domain_generalization\outputs\checkpoints\lodo_aptos-ddr__idrid_densenet121_mixstyle-b32_s1\best_qwk.pt,0.6825319768669003,0.4391127164278591,0.514792899408284,0.5041898339502703,0.6469428007889546,0.8658777120315582,0.1341222879684418,0.8725436098216717,0.2962861433184358,1.870270818338157,0.7415836339853972,1098.0,2.29,6.96,6.96,D:\Research Code\dr_domain_generalization\outputs\predictions\lodo_aptos-ddr__idrid_densenet121_mixstyle-b32_s1__target_test[idrid]_predictions.csv,D:\Research Code\dr_domain_generalization\outputs\logs\lodo_aptos-ddr__idrid_densenet121_mixstyle-b32_s1_history.csv,"{""epochs"": 20, ""batch_size"": 32, ""accumulation_steps"": 1, ""learning_rate"": 0.0003, ""head_learning_rate"": null, ""weight_decay"": 0.0001, ""warmup_epochs"": 1, ""scheduler"": ""cosine"", ""min_learning_rate"": 1e-06, ""amp"": true, ""grad_clip_norm"": 1.0, ""early_stopping_patience"": 6, ""monitor"": ""qwk"", ""monitor_mode"": ""max"", ""log_every_n_steps"": 50, ""num_classes"": 5, ""seed"": 1, ""show_progress"": true, ""effective_batch_size"": 32, ""method"": ""mixstyle"", ""imbalance_strategy"": ""none"", ""ordinal"": false, ""domain_generalization"": ""mixstyle"", ""mixstyle_p"": 0.5, ""mixstyle_alpha"": 0.1, ""mixstyle_stages"": 2, ""backbone"": ""densenet121"", ""pretrained"": true, ""head"": ""linear"", ""dropout"": 0.2, ""image_size"": 224, ""trainable_blocks"": null, ""mixstyle"": false, ""strategy"": ""none"", ""label_smoothing"": 0.0, ""loss"": ""cross_entropy"", ""prediction_rule"": ""argmax_softmax"", ""mixstyle_modules"": 2}","Stage C method comparison, batch 32, 1 seed; temperature fitted on source validation only; components={'mixstyle': {'p': 0.5, 'alpha': 0.1, 'batches_mixed': 3538, 'batches_skipped': 3642, 'applied_fraction': 0.4928}, 'mixstyle_n_modules': 2}"
lodo_aptos-ddr__idrid_densenet121_mixstyle-ordinal-b32_s1,2026-08-19T22:01:49+00:00,COMPLETE,lodo,"[""ddr"", ""aptos""]",idrid,densenet121,ordinal_coral,mixstyle_ordinal,coral_ordinal,none,224,32,1,32,0.0003,0.0001,20,20,1,False,11506,2206,507,19,0.8632278579266122,0.9090938269012216,D:\Research Code\dr_domain_generalization\outputs\checkpoints\lodo_aptos-ddr__idrid_densenet121_mixstyle-ordinal-b32_s1\best_qwk.pt,0.6751093652649921,0.3901460839307676,0.571992110453649,0.4514995047163497,0.6449704142011834,0.8027613412228797,0.1972386587771203,0.8114695911848123,0.0725419767627114,1.606158148774513,0.6361750629997482,917.2,2.34,6.95,6.95,D:\Research Code\dr_domain_generalization\outputs\predictions\lodo_aptos-ddr__idrid_densenet121_mixstyle-ordinal-b32_s1__target_test[idrid]_predictions.csv,D:\Research Code\dr_domain_generalization\outputs\logs\lodo_aptos-ddr__idrid_densenet121_mixstyle-ordinal-b32_s1_history.csv,"{""epochs"": 20, ""batch_size"": 32, ""accumulation_steps"": 1, ""learning_rate"": 0.0003, ""head_learning_rate"": null, ""weight_decay"": 0.0001, ""warmup_epochs"": 1, ""scheduler"": ""cosine"", ""min_learning_rate"": 1e-06, ""amp"": true, ""grad_clip_norm"": 1.0, ""early_stopping_patience"": 6, ""monitor"": ""qwk"", ""monitor_mode"": ""max"", ""log_every_n_steps"": 50, ""num_classes"": 5, ""seed"": 1, ""show_progress"": true, ""effective_batch_size"": 32, ""method"": ""mixstyle_ordinal"", ""imbalance_strategy"": ""none"", ""ordinal"": true, ""domain_generalization"": ""mixstyle"", ""mixstyle_p"": 0.5, ""mixstyle_alpha"": 0.1, ""mixstyle_stages"": 2, ""backbone"": ""densenet121"", ""pretrained"": true, ""head"": ""ordinal_coral"", ""dropout"": 0.2, ""image_size"": 224, ""trainable_blocks"": null, ""mixstyle"": false, ""loss"": ""coral_ordinal"", ""prediction_rule"": ""coral_threshold_count"", ""mixstyle_modules"": 2}","Stage C method comparison, batch 32, 1 seed; temperature fitted on source validation only; components={'mixstyle': {'p': 0.5, 'alpha': 0.1, 'batches_mixed': 3529, 'batches_skipped': 3651, 'applied_fraction': 0.4915}, 'mixstyle_n_modules': 2}"
lodo_aptos-ddr__idrid_densenet121_deep-coral-ordinal-b32_s1,2026-08-19T22:15:24+00:00,COMPLETE,lodo,"[""ddr"", ""aptos""]",idrid,densenet121,ordinal_coral,deep_coral_ordinal,coral_ordinal,none,224,32,1,32,0.0003,0.0001,20,20,1,False,11506,2206,507,19,0.864739785771792,0.9173252375229544,D:\Research Code\dr_domain_generalization\outputs\checkpoints\lodo_aptos-ddr__idrid_densenet121_deep-coral-ordinal-b32_s1\best_qwk.pt,0.678258517203483,0.3970502268180107,0.5700197238658777,0.4386623239003724,0.6449704142011834,0.796844181459566,0.2031558185404339,0.8126899035585502,0.0584998900838622,1.5901167681243151,0.6320829249393904,808.1,2.28,6.95,6.95,D:\Research Code\dr_domain_generalization\outputs\predictions\lodo_aptos-ddr__idrid_densenet121_deep-coral-ordinal-b32_s1__target_test[idrid]_predictions.csv,D:\Research Code\dr_domain_generalization\outputs\logs\lodo_aptos-ddr__idrid_densenet121_deep-coral-ordinal-b32_s1_history.csv,"{""epochs"": 20, ""batch_size"": 32, ""accumulation_steps"": 1, ""learning_rate"": 0.0003, ""head_learning_rate"": null, ""weight_decay"": 0.0001, ""warmup_epochs"": 1, ""scheduler"": ""cosine"", ""min_learning_rate"": 1e-06, ""amp"": true, ""grad_clip_norm"": 1.0, ""early_stopping_patience"": 6, ""monitor"": ""qwk"", ""monitor_mode"": ""max"", ""log_every_n_steps"": 50, ""num_classes"": 5, ""seed"": 1, ""show_progress"": true, ""effective_batch_size"": 32, ""method"": ""deep_coral_ordinal"", ""imbalance_strategy"": ""none"", ""ordinal"": true, ""domain_generalization"": ""deep_coral"", ""coral_lambda"": 1.0, ""backbone"": ""densenet121"", ""pretrained"": true, ""head"": ""ordinal_coral"", ""dropout"": 0.2, ""image_size"": 224, ""trainable_blocks"": null, ""mixstyle"": false, ""loss"": ""coral_ordinal"", ""prediction_rule"": ""coral_threshold_count"", ""feature_loss"": ""deep_coral""}","Stage C method comparison, batch 32, 1 seed; temperature fitted on source validation only; components={'deep_coral': {'lambda': 1.0, 'min_samples_per_domain': 4, 'batches_seen': 7180, 'degenerate_batches': 206, 'degenerate_fraction': 0.0287}}"
lodo_aptos-ddr__idrid_densenet121_erm-b32_s2,2026-08-19T22:28:41+00:00,COMPLETE,lodo,"[""ddr"", ""aptos""]",idrid,densenet121,linear,erm,cross_entropy,none,224,32,1,32,0.0003,0.0001,20,20,2,False,11506,2206,507,19,0.880594038937787,0.4690576701220867,D:\Research Code\dr_domain_generalization\outputs\checkpoints\lodo_aptos-ddr__idrid_densenet121_erm-b32_s2\best_qwk.pt,0.7281192776903325,0.4345855231841246,0.5285996055226825,0.4668952658289452,0.5976331360946746,0.8954635108481263,0.1045364891518737,0.8573174949714367,0.3026529122033767,1.7626501912067365,0.7389690942653192,788.6,2.23,6.96,6.96,D:\Research Code\dr_domain_generalization\outputs\predictions\lodo_aptos-ddr__idrid_densenet121_erm-b32_s2__target_test[idrid]_predictions.csv,D:\Research Code\dr_domain_generalization\outputs\logs\lodo_aptos-ddr__idrid_densenet121_erm-b32_s2_history.csv,"{""epochs"": 20, ""batch_size"": 32, ""accumulation_steps"": 1, ""learning_rate"": 0.0003, ""head_learning_rate"": null, ""weight_decay"": 0.0001, ""warmup_epochs"": 1, ""scheduler"": ""cosine"", ""min_learning_rate"": 1e-06, ""amp"": true, ""grad_clip_norm"": 1.0, ""early_stopping_patience"": 6, ""monitor"": ""qwk"", ""monitor_mode"": ""max"", ""log_every_n_steps"": 50, ""num_classes"": 5, ""seed"": 2, ""show_progress"": true, ""effective_batch_size"": 32, ""method"": ""erm"", ""imbalance_strategy"": ""none"", ""ordinal"": false, ""domain_generalization"": ""none"", ""backbone"": ""densenet121"", ""pretrained"": true, ""head"": ""linear"", ""dropout"": 0.2, ""image_size"": 224, ""trainable_blocks"": null, ""mixstyle"": false, ""strategy"": ""none"", ""label_smoothing"": 0.0, ""loss"": ""cross_entropy"", ""prediction_rule"": ""argmax_softmax""}","Stage C method comparison, batch 32, 1 seed; temperature fitted on source validation only; components={}"
lodo_aptos-ddr__idrid_densenet121_ordinal-b32_s2,2026-08-19T22:41:58+00:00,COMPLETE,lodo,"[""ddr"", ""aptos""]",idrid,densenet121,ordinal_coral,ordinal,coral_ordinal,none,224,32,1,32,0.0003,0.0001,20,20,2,False,11506,2206,507,17,0.8533427691483535,0.9516063160330488,D:\Research Code\dr_domain_generalization\outputs\checkpoints\lodo_aptos-ddr__idrid_densenet121_ordinal-b32_s2\best_qwk.pt,0.6425940959023904,0.3826184508891276,0.5483234714003945,0.4276649602810396,0.6844181459566075,0.7830374753451677,0.2169625246548323,0.8222810785503005,0.0552237365960604,1.6093257132975691,0.6382159563191437,789.1,2.2,6.95,6.95,D:\Research Code\dr_domain_generalization\outputs\predictions\lodo_aptos-ddr__idrid_densenet121_ordinal-b32_s2__target_test[idrid]_predictions.csv,D:\Research Code\dr_domain_generalization\outputs\logs\lodo_aptos-ddr__idrid_densenet121_ordinal-b32_s2_history.csv,"{""epochs"": 20, ""batch_size"": 32, ""accumulation_steps"": 1, ""learning_rate"": 0.0003, ""head_learning_rate"": null, ""weight_decay"": 0.0001, ""warmup_epochs"": 1, ""scheduler"": ""cosine"", ""min_learning_rate"": 1e-06, ""amp"": true, ""grad_clip_norm"": 1.0, ""early_stopping_patience"": 6, ""monitor"": ""qwk"", ""monitor_mode"": ""max"", ""log_every_n_steps"": 50, ""num_classes"": 5, ""seed"": 2, ""show_progress"": true, ""effective_batch_size"": 32, ""method"": ""ordinal"", ""imbalance_strategy"": ""none"", ""ordinal"": true, ""domain_generalization"": ""none"", ""backbone"": ""densenet121"", ""pretrained"": true, ""head"": ""ordinal_coral"", ""dropout"": 0.2, ""image_size"": 224, ""trainable_blocks"": null, ""mixstyle"": false, ""loss"": ""coral_ordinal"", ""prediction_rule"": ""coral_threshold_count""}","Stage C method comparison, batch 32, 1 seed; temperature fitted on source validation only; components={}"
lodo_aptos-ddr__idrid_densenet121_deep-coral-b32_s2,2026-08-19T22:55:29+00:00,COMPLETE,lodo,"[""ddr"", ""aptos""]",idrid,densenet121,linear,deep_coral,cross_entropy,none,224,32,1,32,0.0003,0.0001,20,20,2,False,11506,2206,507,16,0.8833427481402805,0.4564136060062742,D:\Research Code\dr_domain_generalization\outputs\checkpoints\lodo_aptos-ddr__idrid_densenet121_deep-coral-b32_s2\best_qwk.pt,0.6924661855391898,0.4481366552876428,0.5364891518737672,0.4986610686806589,0.6134122287968442,0.873767258382643,0.126232741617357,0.8662957303517581,0.2881391985999527,1.7903112132704218,0.724641749245551,804.2,2.21,6.96,6.96,D:\Research Code\dr_domain_generalization\outputs\predictions\lodo_aptos-ddr__idrid_densenet121_deep-coral-b32_s2__target_test[idrid]_predictions.csv,D:\Research Code\dr_domain_generalization\outputs\logs\lodo_aptos-ddr__idrid_densenet121_deep-coral-b32_s2_history.csv,"{""epochs"": 20, ""batch_size"": 32, ""accumulation_steps"": 1, ""learning_rate"": 0.0003, ""head_learning_rate"": null, ""weight_decay"": 0.0001, ""warmup_epochs"": 1, ""scheduler"": ""cosine"", ""min_learning_rate"": 1e-06, ""amp"": true, ""grad_clip_norm"": 1.0, ""early_stopping_patience"": 6, ""monitor"": ""qwk"", ""monitor_mode"": ""max"", ""log_every_n_steps"": 50, ""num_classes"": 5, ""seed"": 2, ""show_progress"": true, ""effective_batch_size"": 32, ""method"": ""deep_coral"", ""imbalance_strategy"": ""none"", ""ordinal"": false, ""domain_generalization"": ""deep_coral"", ""coral_lambda"": 1.0, ""backbone"": ""densenet121"", ""pretrained"": true, ""head"": ""linear"", ""dropout"": 0.2, ""image_size"": 224, ""trainable_blocks"": null, ""mixstyle"": false, ""strategy"": ""none"", ""label_smoothing"": 0.0, ""loss"": ""cross_entropy"", ""prediction_rule"": ""argmax_softmax"", ""feature_loss"": ""deep_coral""}","Stage C method comparison, batch 32, 1 seed; temperature fitted on source validation only; components={'deep_coral': {'lambda': 1.0, 'min_samples_per_domain': 4, 'batches_seen': 7180, 'degenerate_batches': 206, 'degenerate_fraction': 0.0287}}"
lodo_aptos-ddr__idrid_densenet121_mixstyle-b32_s2,2026-08-19T23:10:32+00:00,COMPLETE,lodo,"[""ddr"", ""aptos""]",idrid,densenet121,linear,mixstyle,cross_entropy,none,224,32,1,32,0.0003,0.0001,20,20,2,False,11506,2206,507,19,0.8861925556010599,0.4494572732179169,D:\Research Code\dr_domain_generalization\outputs\checkpoints\lodo_aptos-ddr__idrid_densenet121_mixstyle-b32_s2\best_qwk.pt,0.6591314228898122,0.3842911366203662,0.4654832347140039,0.4415466864552442,0.7061143984220908,0.8520710059171598,0.1479289940828402,0.8501092538777382,0.3384742693905764,2.003695143394411,0.8065288318622698,895.3,2.42,6.96,6.96,D:\Research Code\dr_domain_generalization\outputs\predictions\lodo_aptos-ddr__idrid_densenet121_mixstyle-b32_s2__target_test[idrid]_predictions.csv,D:\Research Code\dr_domain_generalization\outputs\logs\lodo_aptos-ddr__idrid_densenet121_mixstyle-b32_s2_history.csv,"{""epochs"": 20, ""batch_size"": 32, ""accumulation_steps"": 1, ""learning_rate"": 0.0003, ""head_learning_rate"": null, ""weight_decay"": 0.0001, ""warmup_epochs"": 1, ""scheduler"": ""cosine"", ""min_learning_rate"": 1e-06, ""amp"": true, ""grad_clip_norm"": 1.0, ""early_stopping_patience"": 6, ""monitor"": ""qwk"", ""monitor_mode"": ""max"", ""log_every_n_steps"": 50, ""num_classes"": 5, ""seed"": 2, ""show_progress"": true, ""effective_batch_size"": 32, ""method"": ""mixstyle"", ""imbalance_strategy"": ""none"", ""ordinal"": false, ""domain_generalization"": ""mixstyle"", ""mixstyle_p"": 0.5, ""mixstyle_alpha"": 0.1, ""mixstyle_stages"": 2, ""backbone"": ""densenet121"", ""pretrained"": true, ""head"": ""linear"", ""dropout"": 0.2, ""image_size"": 224, ""trainable_blocks"": null, ""mixstyle"": false, ""strategy"": ""none"", ""label_smoothing"": 0.0, ""loss"": ""cross_entropy"", ""prediction_rule"": ""argmax_softmax"", ""mixstyle_modules"": 2}","Stage C method comparison, batch 32, 1 seed; temperature fitted on source validation only; components={'mixstyle': {'p': 0.5, 'alpha': 0.1, 'batches_mixed': 3539, 'batches_skipped': 3641, 'applied_fraction': 0.4929}, 'mixstyle_n_modules': 2}"
lodo_aptos-ddr__idrid_densenet121_mixstyle-ordinal-b32_s2,2026-08-19T23:25:41+00:00,COMPLETE,lodo,"[""ddr"", ""aptos""]",idrid,densenet121,ordinal_coral,mixstyle_ordinal,coral_ordinal,none,224,32,1,32,0.0003,0.0001,20,20,2,False,11506,2206,507,16,0.8466985026806854,0.937697019589984,D:\Research Code\dr_domain_generalization\outputs\checkpoints\lodo_aptos-ddr__idrid_densenet121_mixstyle-ordinal-b32_s2\best_qwk.pt,0.641380266370936,0.4255353724289894,0.5562130177514792,0.44666873592162,0.6765285996055227,0.7790927021696252,0.2209072978303747,0.826141058273803,0.0543561822916629,1.6045359891636637,0.6339689933443158,901.0,2.42,6.95,6.95,D:\Research Code\dr_domain_generalization\outputs\predictions\lodo_aptos-ddr__idrid_densenet121_mixstyle-ordinal-b32_s2__target_test[idrid]_predictions.csv,D:\Research Code\dr_domain_generalization\outputs\logs\lodo_aptos-ddr__idrid_densenet121_mixstyle-ordinal-b32_s2_history.csv,"{""epochs"": 20, ""batch_size"": 32, ""accumulation_steps"": 1, ""learning_rate"": 0.0003, ""head_learning_rate"": null, ""weight_decay"": 0.0001, ""warmup_epochs"": 1, ""scheduler"": ""cosine"", ""min_learning_rate"": 1e-06, ""amp"": true, ""grad_clip_norm"": 1.0, ""early_stopping_patience"": 6, ""monitor"": ""qwk"", ""monitor_mode"": ""max"", ""log_every_n_steps"": 50, ""num_classes"": 5, ""seed"": 2, ""show_progress"": true, ""effective_batch_size"": 32, ""method"": ""mixstyle_ordinal"", ""imbalance_strategy"": ""none"", ""ordinal"": true, ""domain_generalization"": ""mixstyle"", ""mixstyle_p"": 0.5, ""mixstyle_alpha"": 0.1, ""mixstyle_stages"": 2, ""backbone"": ""densenet121"", ""pretrained"": true, ""head"": ""ordinal_coral"", ""dropout"": 0.2, ""image_size"": 224, ""trainable_blocks"": null, ""mixstyle"": false, ""loss"": ""coral_ordinal"", ""prediction_rule"": ""coral_threshold_count"", ""mixstyle_modules"": 2}","Stage C method comparison, batch 32, 1 seed; temperature fitted on source validation only; components={'mixstyle': {'p': 0.5, 'alpha': 0.1, 'batches_mixed': 3530, 'batches_skipped': 3650, 'applied_fraction': 0.4916}, 'mixstyle_n_modules': 2}"
lodo_aptos-ddr__idrid_densenet121_deep-coral-ordinal-b32_s2,2026-08-19T23:39:14+00:00,COMPLETE,lodo,"[""ddr"", ""aptos""]",idrid,densenet121,ordinal_coral,deep_coral_ordinal,coral_ordinal,none,224,32,1,32,0.0003,0.0001,20,20,2,False,11506,2206,507,16,0.8568829386009974,0.9351339857431424,D:\Research Code\dr_domain_generalization\outputs\checkpoints\lodo_aptos-ddr__idrid_densenet121_deep-coral-ordinal-b32_s2\best_qwk.pt,0.6843456728740542,0.4171262701717474,0.5779092702169625,0.4592315761171207,0.6410256410256411,0.796844181459566,0.2031558185404339,0.839173116359756,0.0942995780436009,1.5853010815232302,0.6248732905515578,804.9,2.21,6.95,6.95,D:\Research Code\dr_domain_generalization\outputs\predictions\lodo_aptos-ddr__idrid_densenet121_deep-coral-ordinal-b32_s2__target_test[idrid]_predictions.csv,D:\Research Code\dr_domain_generalization\outputs\logs\lodo_aptos-ddr__idrid_densenet121_deep-coral-ordinal-b32_s2_history.csv,"{""epochs"": 20, ""batch_size"": 32, ""accumulation_steps"": 1, ""learning_rate"": 0.0003, ""head_learning_rate"": null, ""weight_decay"": 0.0001, ""warmup_epochs"": 1, ""scheduler"": ""cosine"", ""min_learning_rate"": 1e-06, ""amp"": true, ""grad_clip_norm"": 1.0, ""early_stopping_patience"": 6, ""monitor"": ""qwk"", ""monitor_mode"": ""max"", ""log_every_n_steps"": 50, ""num_classes"": 5, ""seed"": 2, ""show_progress"": true, ""effective_batch_size"": 32, ""method"": ""deep_coral_ordinal"", ""imbalance_strategy"": ""none"", ""ordinal"": true, ""domain_generalization"": ""deep_coral"", ""coral_lambda"": 1.0, ""backbone"": ""densenet121"", ""pretrained"": true, ""head"": ""ordinal_coral"", ""dropout"": 0.2, ""image_size"": 224, ""trainable_blocks"": null, ""mixstyle"": false, ""loss"": ""coral_ordinal"", ""prediction_rule"": ""coral_threshold_count"", ""feature_loss"": ""deep_coral""}","Stage C method comparison, batch 32, 1 seed; temperature fitted on source validation only; components={'deep_coral': {'lambda': 1.0, 'min_samples_per_domain': 4, 'batches_seen': 7180, 'degenerate_batches': 206, 'degenerate_fraction': 0.0287}}"
lodo_aptos-eyepacs-idrid__ddr_densenet121_erm-b32_s42,2026-08-20T15:11:49+00:00,COMPLETE,lodo,"[""aptos"", ""idrid"", ""eyepacs""]",ddr,densenet121,linear,erm,cross_entropy,none,224,32,1,32,0.0003,0.0001,20,20,42,False,27718,5677,12424,17,0.7519659477474597,0.584380973423465,D:\Research Code\dr_domain_generalization\outputs\checkpoints\lodo_aptos-eyepacs-idrid__ddr_densenet121_erm-b32_s42\best_qwk.pt,0.7333719908664899,0.5082638640995095,0.724243399871217,0.5517744988576444,0.4677237604636188,0.833386992916935,0.166613007083065,0.8518115946900364,0.1382997147618995,1.1187122878121774,0.44529271499652,2288.3,2.12,6.96,6.96,D:\Research Code\dr_domain_generalization\outputs\predictions\lodo_aptos-eyepacs-idrid__ddr_densenet121_erm-b32_s42__target_test[ddr]_predictions.csv,D:\Research Code\dr_domain_generalization\outputs\logs\lodo_aptos-eyepacs-idrid__ddr_densenet121_erm-b32_s42_history.csv,"{""epochs"": 20, ""batch_size"": 32, ""accumulation_steps"": 1, ""learning_rate"": 0.0003, ""head_learning_rate"": null, ""weight_decay"": 0.0001, ""warmup_epochs"": 1, ""scheduler"": ""cosine"", ""min_learning_rate"": 1e-06, ""amp"": true, ""grad_clip_norm"": 1.0, ""early_stopping_patience"": 6, ""monitor"": ""qwk"", ""monitor_mode"": ""max"", ""log_every_n_steps"": 50, ""num_classes"": 5, ""seed"": 42, ""show_progress"": true, ""effective_batch_size"": 32, ""method"": ""erm"", ""imbalance_strategy"": ""none"", ""ordinal"": false, ""domain_generalization"": ""none"", ""backbone"": ""densenet121"", ""pretrained"": true, ""head"": ""linear"", ""dropout"": 0.2, ""image_size"": 224, ""trainable_blocks"": null, ""mixstyle"": false, ""strategy"": ""none"", ""label_smoothing"": 0.0, ""loss"": ""cross_entropy"", ""prediction_rule"": ""argmax_softmax""}","Full leave-one-domain-out, batch 32; temperature fitted on source validation only"
lodo_ddr-eyepacs-idrid__aptos_densenet121_erm-b32_s42,2026-08-20T15:50:45+00:00,COMPLETE,lodo,"[""ddr"", ""idrid"", ""eyepacs""]",aptos,densenet121,linear,erm,cross_entropy,none,224,32,1,32,0.0003,0.0001,20,20,42,False,33606,7201,3504,14,0.7965999990354998,0.5573852598704233,D:\Research Code\dr_domain_generalization\outputs\checkpoints\lodo_ddr-eyepacs-idrid__aptos_densenet121_erm-b32_s42\best_qwk.pt,0.8590853269535972,0.504712223736574,0.7226027397260274,0.5393222263331449,0.3433219178082192,0.9380707762557078,0.0619292237442922,0.8245567673668235,0.1081529336313815,1.0563282428787517,0.4227797918101784,2317.3,2.2,6.96,6.96,D:\Research Code\dr_domain_generalization\outputs\predictions\lodo_ddr-eyepacs-idrid__aptos_densenet121_erm-b32_s42__target_test[aptos]_predictions.csv,D:\Research Code\dr_domain_generalization\outputs\logs\lodo_ddr-eyepacs-idrid__aptos_densenet121_erm-b32_s42_history.csv,"{""epochs"": 20, ""batch_size"": 32, ""accumulation_steps"": 1, ""learning_rate"": 0.0003, ""head_learning_rate"": null, ""weight_decay"": 0.0001, ""warmup_epochs"": 1, ""scheduler"": ""cosine"", ""min_learning_rate"": 1e-06, ""amp"": true, ""grad_clip_norm"": 1.0, ""early_stopping_patience"": 6, ""monitor"": ""qwk"", ""monitor_mode"": ""max"", ""log_every_n_steps"": 50, ""num_classes"": 5, ""seed"": 42, ""show_progress"": true, ""effective_batch_size"": 32, ""method"": ""erm"", ""imbalance_strategy"": ""none"", ""ordinal"": false, ""domain_generalization"": ""none"", ""backbone"": ""densenet121"", ""pretrained"": true, ""head"": ""linear"", ""dropout"": 0.2, ""image_size"": 224, ""trainable_blocks"": null, ""mixstyle"": false, ""strategy"": ""none"", ""label_smoothing"": 0.0, ""loss"": ""cross_entropy"", ""prediction_rule"": ""argmax_softmax""}","Full leave-one-domain-out, batch 32; temperature fitted on source validation only"
lodo_aptos-ddr-eyepacs__idrid_densenet121_erm-b32_s42,2026-08-20T16:40:04+00:00,COMPLETE,lodo,"[""ddr"", ""aptos"", ""eyepacs""]",idrid,densenet121,linear,erm,cross_entropy,none,224,32,1,32,0.0003,0.0001,20,20,42,False,36080,7472,507,18,0.8017330221804433,0.5532833305943725,D:\Research Code\dr_domain_generalization\outputs\checkpoints\lodo_aptos-ddr-eyepacs__idrid_densenet121_erm-b32_s42\best_qwk.pt,0.7542569817218183,0.4898948035878741,0.5857988165680473,0.532276781594881,0.5443786982248521,0.883629191321499,0.1163708086785009,0.8733818895029526,0.2158861910332825,1.3108524429717658,0.6175367377805322,2945.6,2.28,6.96,6.96,D:\Research Code\dr_domain_generalization\outputs\predictions\lodo_aptos-ddr-eyepacs__idrid_densenet121_erm-b32_s42__target_test[idrid]_predictions.csv,D:\Research Code\dr_domain_generalization\outputs\logs\lodo_aptos-ddr-eyepacs__idrid_densenet121_erm-b32_s42_history.csv,"{""epochs"": 20, ""batch_size"": 32, ""accumulation_steps"": 1, ""learning_rate"": 0.0003, ""head_learning_rate"": null, ""weight_decay"": 0.0001, ""warmup_epochs"": 1, ""scheduler"": ""cosine"", ""min_learning_rate"": 1e-06, ""amp"": true, ""grad_clip_norm"": 1.0, ""early_stopping_patience"": 6, ""monitor"": ""qwk"", ""monitor_mode"": ""max"", ""log_every_n_steps"": 50, ""num_classes"": 5, ""seed"": 42, ""show_progress"": true, ""effective_batch_size"": 32, ""method"": ""erm"", ""imbalance_strategy"": ""none"", ""ordinal"": false, ""domain_generalization"": ""none"", ""backbone"": ""densenet121"", ""pretrained"": true, ""head"": ""linear"", ""dropout"": 0.2, ""image_size"": 224, ""trainable_blocks"": null, ""mixstyle"": false, ""strategy"": ""none"", ""label_smoothing"": 0.0, ""loss"": ""cross_entropy"", ""prediction_rule"": ""argmax_softmax""}","Full leave-one-domain-out, batch 32; temperature fitted on source validation only"
lodo_aptos-ddr-idrid__eyepacs_densenet121_erm-b32_s42,2026-08-20T16:54:40+00:00,COMPLETE,lodo,"[""ddr"", ""aptos"", ""idrid""]",eyepacs,densenet121,linear,erm,cross_entropy,none,224,32,1,32,0.0003,0.0001,20,20,42,False,11841,2276,35108,17,0.8909346510496002,0.4349210534451736,D:\Research Code\dr_domain_generalization\outputs\checkpoints\lodo_aptos-ddr-idrid__eyepacs_densenet121_erm-b32_s42\best_qwk.pt,0.4077128272289569,0.3757747621954475,0.5861911814970947,0.389584722305426,0.675145266036231,0.7546428164520906,0.2453571835479093,0.7651951965334693,0.2887057354216412,1.991268989028809,0.686613262698314,828.9,2.28,6.96,6.96,D:\Research Code\dr_domain_generalization\outputs\predictions\lodo_aptos-ddr-idrid__eyepacs_densenet121_erm-b32_s42__target_test[eyepacs]_predictions.csv,D:\Research Code\dr_domain_generalization\outputs\logs\lodo_aptos-ddr-idrid__eyepacs_densenet121_erm-b32_s42_history.csv,"{""epochs"": 20, ""batch_size"": 32, ""accumulation_steps"": 1, ""learning_rate"": 0.0003, ""head_learning_rate"": null, ""weight_decay"": 0.0001, ""warmup_epochs"": 1, ""scheduler"": ""cosine"", ""min_learning_rate"": 1e-06, ""amp"": true, ""grad_clip_norm"": 1.0, ""early_stopping_patience"": 6, ""monitor"": ""qwk"", ""monitor_mode"": ""max"", ""log_every_n_steps"": 50, ""num_classes"": 5, ""seed"": 42, ""show_progress"": true, ""effective_batch_size"": 32, ""method"": ""erm"", ""imbalance_strategy"": ""none"", ""ordinal"": false, ""domain_generalization"": ""none"", ""backbone"": ""densenet121"", ""pretrained"": true, ""head"": ""linear"", ""dropout"": 0.2, ""image_size"": 224, ""trainable_blocks"": null, ""mixstyle"": false, ""strategy"": ""none"", ""label_smoothing"": 0.0, ""loss"": ""cross_entropy"", ""prediction_rule"": ""argmax_softmax""}","Full leave-one-domain-out, batch 32; temperature fitted on source validation only"
in_domain_ddr__ddr_densenet121_erm-b32_s42,2026-08-20T17:16:41+00:00,COMPLETE,in_domain,"[""ddr""]",ddr,densenet121,linear,erm,cross_entropy,none,224,32,1,32,0.0003,0.0001,20,20,42,False,8697,1865,1862,17,0.8901441359063365,0.4706090618599743,D:\Research Code\dr_domain_generalization\outputs\checkpoints\in_domain_ddr__ddr_densenet121_erm-b32_s42\best_qwk.pt,0.8756732243528843,0.6649630691743392,0.8442534908700322,0.6549674096184372,0.2314715359828141,0.9285714285714286,0.0714285714285714,0.9330425639065264,0.0864800506388462,0.5673570551326095,0.2491420232142918,620.3,2.12,6.96,6.96,D:\Research Code\dr_domain_generalization\outputs\predictions\in_domain_ddr__ddr_densenet121_erm-b32_s42__target_test[ddr]_predictions.csv,D:\Research Code\dr_domain_generalization\outputs\logs\in_domain_ddr__ddr_densenet121_erm-b32_s42_history.csv,"{""epochs"": 20, ""batch_size"": 32, ""accumulation_steps"": 1, ""learning_rate"": 0.0003, ""head_learning_rate"": null, ""weight_decay"": 0.0001, ""warmup_epochs"": 1, ""scheduler"": ""cosine"", ""min_learning_rate"": 1e-06, ""amp"": true, ""grad_clip_norm"": 1.0, ""early_stopping_patience"": 6, ""monitor"": ""qwk"", ""monitor_mode"": ""max"", ""log_every_n_steps"": 50, ""num_classes"": 5, ""seed"": 42, ""show_progress"": true, ""effective_batch_size"": 32, ""method"": ""erm"", ""imbalance_strategy"": ""none"", ""ordinal"": false, ""domain_generalization"": ""none"", ""backbone"": ""densenet121"", ""pretrained"": true, ""head"": ""linear"", ""dropout"": 0.2, ""image_size"": 224, ""trainable_blocks"": null, ""mixstyle"": false, ""strategy"": ""none"", ""label_smoothing"": 0.0, ""loss"": ""cross_entropy"", ""prediction_rule"": ""argmax_softmax""}",In-domain ceiling: train/val/test all from this domain
in_domain_aptos__aptos_densenet121_erm-b32_s42,2026-08-20T17:20:44+00:00,COMPLETE,in_domain,"[""aptos""]",aptos,densenet121,linear,erm,cross_entropy,none,224,32,1,32,0.0003,0.0001,20,16,42,False,2809,341,354,9,0.8965538162844315,0.4819376048716632,D:\Research Code\dr_domain_generalization\outputs\checkpoints\in_domain_aptos__aptos_densenet121_erm-b32_s42\best_qwk.pt,0.9091092159449036,0.6663961952026468,0.8587570621468926,0.6417586245172452,0.1864406779661017,0.96045197740113,0.03954802259887,0.9464132107930154,0.0720173865556717,0.4488854859204341,0.2228173022268251,235.2,2.2,6.96,6.96,D:\Research Code\dr_domain_generalization\outputs\predictions\in_domain_aptos__aptos_densenet121_erm-b32_s42__target_test[aptos]_predictions.csv,D:\Research Code\dr_domain_generalization\outputs\logs\in_domain_aptos__aptos_densenet121_erm-b32_s42_history.csv,"{""epochs"": 20, ""batch_size"": 32, ""accumulation_steps"": 1, ""learning_rate"": 0.0003, ""head_learning_rate"": null, ""weight_decay"": 0.0001, ""warmup_epochs"": 1, ""scheduler"": ""cosine"", ""min_learning_rate"": 1e-06, ""amp"": true, ""grad_clip_norm"": 1.0, ""early_stopping_patience"": 6, ""monitor"": ""qwk"", ""monitor_mode"": ""max"", ""log_every_n_steps"": 50, ""num_classes"": 5, ""seed"": 42, ""show_progress"": true, ""effective_batch_size"": 32, ""method"": ""erm"", ""imbalance_strategy"": ""none"", ""ordinal"": false, ""domain_generalization"": ""none"", ""backbone"": ""densenet121"", ""pretrained"": true, ""head"": ""linear"", ""dropout"": 0.2, ""image_size"": 224, ""trainable_blocks"": null, ""mixstyle"": false, ""strategy"": ""none"", ""label_smoothing"": 0.0, ""loss"": ""cross_entropy"", ""prediction_rule"": ""argmax_softmax""}",In-domain ceiling: train/val/test all from this domain
in_domain_idrid__idrid_densenet121_erm-b32_s42,2026-08-20T17:21:50+00:00,COMPLETE,in_domain,"[""idrid""]",idrid,densenet121,linear,erm,cross_entropy,none,224,32,1,32,0.0003,0.0001,20,17,42,False,335,70,102,10,0.8566685113447703,0.8181754151980082,D:\Research Code\dr_domain_generalization\outputs\checkpoints\in_domain_idrid__idrid_densenet121_erm-b32_s42\best_qwk.pt,0.5883863529165139,0.4371434192406059,0.5686274509803921,0.4394136500754148,0.7254901960784313,0.7745098039215687,0.2254901960784313,0.816024928927313,0.1720348868299933,1.1064110882783444,0.5871881144195689,47.9,2.28,6.96,6.96,D:\Research Code\dr_domain_generalization\outputs\predictions\in_domain_idrid__idrid_densenet121_erm-b32_s42__target_test[idrid]_predictions.csv,D:\Research Code\dr_domain_generalization\outputs\logs\in_domain_idrid__idrid_densenet121_erm-b32_s42_history.csv,"{""epochs"": 20, ""batch_size"": 32, ""accumulation_steps"": 1, ""learning_rate"": 0.0003, ""head_learning_rate"": null, ""weight_decay"": 0.0001, ""warmup_epochs"": 1, ""scheduler"": ""cosine"", ""min_learning_rate"": 1e-06, ""amp"": true, ""grad_clip_norm"": 1.0, ""early_stopping_patience"": 6, ""monitor"": ""qwk"", ""monitor_mode"": ""max"", ""log_every_n_steps"": 50, ""num_classes"": 5, ""seed"": 42, ""show_progress"": true, ""effective_batch_size"": 32, ""method"": ""erm"", ""imbalance_strategy"": ""none"", ""ordinal"": false, ""domain_generalization"": ""none"", ""backbone"": ""densenet121"", ""pretrained"": true, ""head"": ""linear"", ""dropout"": 0.2, ""image_size"": 224, ""trainable_blocks"": null, ""mixstyle"": false, ""strategy"": ""none"", ""label_smoothing"": 0.0, ""loss"": ""cross_entropy"", ""prediction_rule"": ""argmax_softmax""}",In-domain ceiling: train/val/test all from this domain
in_domain_eyepacs__eyepacs_densenet121_erm-b32_s42,2026-08-20T17:55:56+00:00,COMPLETE,in_domain,"[""eyepacs""]",eyepacs,densenet121,linear,erm,cross_entropy,none,224,32,1,32,0.0003,0.0001,20,20,42,False,24574,5266,5268,18,0.709015896731166,0.5988973769274625,D:\Research Code\dr_domain_generalization\outputs\checkpoints\in_domain_eyepacs__eyepacs_densenet121_erm-b32_s42\best_qwk.pt,0.7089828230314528,0.5423260184176844,0.8039104024297646,0.5270147666260253,0.2984054669703872,0.9081245254365984,0.0918754745634016,0.8532096939684759,0.0733080189689236,0.6851379183008883,0.3138782610594561,2026.4,2.28,6.96,6.96,D:\Research Code\dr_domain_generalization\outputs\predictions\in_domain_eyepacs__eyepacs_densenet121_erm-b32_s42__target_test[eyepacs]_predictions.csv,D:\Research Code\dr_domain_generalization\outputs\logs\in_domain_eyepacs__eyepacs_densenet121_erm-b32_s42_history.csv,"{""epochs"": 20, ""batch_size"": 32, ""accumulation_steps"": 1, ""learning_rate"": 0.0003, ""head_learning_rate"": null, ""weight_decay"": 0.0001, ""warmup_epochs"": 1, ""scheduler"": ""cosine"", ""min_learning_rate"": 1e-06, ""amp"": true, ""grad_clip_norm"": 1.0, ""early_stopping_patience"": 6, ""monitor"": ""qwk"", ""monitor_mode"": ""max"", ""log_every_n_steps"": 50, ""num_classes"": 5, ""seed"": 42, ""show_progress"": true, ""effective_batch_size"": 32, ""method"": ""erm"", ""imbalance_strategy"": ""none"", ""ordinal"": false, ""domain_generalization"": ""none"", ""backbone"": ""densenet121"", ""pretrained"": true, ""head"": ""linear"", ""dropout"": 0.2, ""image_size"": 224, ""trainable_blocks"": null, ""mixstyle"": false, ""strategy"": ""none"", ""label_smoothing"": 0.0, ""loss"": ""cross_entropy"", ""prediction_rule"": ""argmax_softmax""}",In-domain ceiling: train/val/test all from this domain
lodo_aptos-eyepacs-idrid__ddr_densenet121_erm-b32_s1,2026-08-20T18:37:05+00:00,COMPLETE,lodo,"[""aptos"", ""idrid"", ""eyepacs""]",ddr,densenet121,linear,erm,cross_entropy,none,224,32,1,32,0.0003,0.0001,20,20,1,False,27718,5677,12424,17,0.749445800374859,0.5953394891170973,D:\Research Code\dr_domain_generalization\outputs\checkpoints\lodo_aptos-eyepacs-idrid__ddr_densenet121_erm-b32_s1\best_qwk.pt,0.73731890029277,0.5152897711388187,0.7263361236316807,0.5545682625984567,0.4571796522858982,0.8418383773341919,0.1581616226658081,0.864117937445462,0.1218548829943728,1.0061345554232772,0.4262511674647848,2150.2,2.12,6.96,6.96,D:\Research Code\dr_domain_generalization\outputs\predictions\lodo_aptos-eyepacs-idrid__ddr_densenet121_erm-b32_s1__target_test[ddr]_predictions.csv,D:\Research Code\dr_domain_generalization\outputs\logs\lodo_aptos-eyepacs-idrid__ddr_densenet121_erm-b32_s1_history.csv,"{""epochs"": 20, ""batch_size"": 32, ""accumulation_steps"": 1, ""learning_rate"": 0.0003, ""head_learning_rate"": null, ""weight_decay"": 0.0001, ""warmup_epochs"": 1, ""scheduler"": ""cosine"", ""min_learning_rate"": 1e-06, ""amp"": true, ""grad_clip_norm"": 1.0, ""early_stopping_patience"": 6, ""monitor"": ""qwk"", ""monitor_mode"": ""max"", ""log_every_n_steps"": 50, ""num_classes"": 5, ""seed"": 1, ""show_progress"": true, ""effective_batch_size"": 32, ""method"": ""erm"", ""imbalance_strategy"": ""none"", ""ordinal"": false, ""domain_generalization"": ""none"", ""backbone"": ""densenet121"", ""pretrained"": true, ""head"": ""linear"", ""dropout"": 0.2, ""image_size"": 224, ""trainable_blocks"": null, ""mixstyle"": false, ""strategy"": ""none"", ""label_smoothing"": 0.0, ""loss"": ""cross_entropy"", ""prediction_rule"": ""argmax_softmax""}","Full leave-one-domain-out, batch 32; temperature fitted on source validation only"
lodo_ddr-eyepacs-idrid__aptos_densenet121_erm-b32_s1,2026-08-20T19:27:52+00:00,COMPLETE,lodo,"[""ddr"", ""idrid"", ""eyepacs""]",aptos,densenet121,linear,erm,cross_entropy,none,224,32,1,32,0.0003,0.0001,20,20,1,False,33606,7201,3504,15,0.796818760433533,0.5547649543505755,D:\Research Code\dr_domain_generalization\outputs\checkpoints\lodo_ddr-eyepacs-idrid__aptos_densenet121_erm-b32_s1\best_qwk.pt,0.8643722137155393,0.4894003378859143,0.7180365296803652,0.5309353475474867,0.3438926940639269,0.9426369863013698,0.0573630136986301,0.817717921114095,0.1320744216714275,1.126242105816102,0.4397583441257843,3028.2,2.2,6.96,6.96,D:\Research Code\dr_domain_generalization\outputs\predictions\lodo_ddr-eyepacs-idrid__aptos_densenet121_erm-b32_s1__target_test[aptos]_predictions.csv,D:\Research Code\dr_domain_generalization\outputs\logs\lodo_ddr-eyepacs-idrid__aptos_densenet121_erm-b32_s1_history.csv,"{""epochs"": 20, ""batch_size"": 32, ""accumulation_steps"": 1, ""learning_rate"": 0.0003, ""head_learning_rate"": null, ""weight_decay"": 0.0001, ""warmup_epochs"": 1, ""scheduler"": ""cosine"", ""min_learning_rate"": 1e-06, ""amp"": true, ""grad_clip_norm"": 1.0, ""early_stopping_patience"": 6, ""monitor"": ""qwk"", ""monitor_mode"": ""max"", ""log_every_n_steps"": 50, ""num_classes"": 5, ""seed"": 1, ""show_progress"": true, ""effective_batch_size"": 32, ""method"": ""erm"", ""imbalance_strategy"": ""none"", ""ordinal"": false, ""domain_generalization"": ""none"", ""backbone"": ""densenet121"", ""pretrained"": true, ""head"": ""linear"", ""dropout"": 0.2, ""image_size"": 224, ""trainable_blocks"": null, ""mixstyle"": false, ""strategy"": ""none"", ""label_smoothing"": 0.0, ""loss"": ""cross_entropy"", ""prediction_rule"": ""argmax_softmax""}","Full leave-one-domain-out, batch 32; temperature fitted on source validation only"
lodo_aptos-ddr-eyepacs__idrid_densenet121_erm-b32_s1,2026-08-20T20:09:21+00:00,COMPLETE,lodo,"[""ddr"", ""aptos"", ""eyepacs""]",idrid,densenet121,linear,erm,cross_entropy,none,224,32,1,32,0.0003,0.0001,20,20,1,False,36080,7472,507,17,0.8033965340846164,0.5490122565016564,D:\Research Code\dr_domain_generalization\outputs\checkpoints\lodo_aptos-ddr-eyepacs__idrid_densenet121_erm-b32_s1\best_qwk.pt,0.7131546584545334,0.4562721432357708,0.5364891518737672,0.5033365720355533,0.6134122287968442,0.8757396449704142,0.1242603550295858,0.8695919546962836,0.2456942725581295,1.426891375454895,0.6484552584266672,2474.4,2.28,6.96,6.96,D:\Research Code\dr_domain_generalization\outputs\predictions\lodo_aptos-ddr-eyepacs__idrid_densenet121_erm-b32_s1__target_test[idrid]_predictions.csv,D:\Research Code\dr_domain_generalization\outputs\logs\lodo_aptos-ddr-eyepacs__idrid_densenet121_erm-b32_s1_history.csv,"{""epochs"": 20, ""batch_size"": 32, ""accumulation_steps"": 1, ""learning_rate"": 0.0003, ""head_learning_rate"": null, ""weight_decay"": 0.0001, ""warmup_epochs"": 1, ""scheduler"": ""cosine"", ""min_learning_rate"": 1e-06, ""amp"": true, ""grad_clip_norm"": 1.0, ""early_stopping_patience"": 6, ""monitor"": ""qwk"", ""monitor_mode"": ""max"", ""log_every_n_steps"": 50, ""num_classes"": 5, ""seed"": 1, ""show_progress"": true, ""effective_batch_size"": 32, ""method"": ""erm"", ""imbalance_strategy"": ""none"", ""ordinal"": false, ""domain_generalization"": ""none"", ""backbone"": ""densenet121"", ""pretrained"": true, ""head"": ""linear"", ""dropout"": 0.2, ""image_size"": 224, ""trainable_blocks"": null, ""mixstyle"": false, ""strategy"": ""none"", ""label_smoothing"": 0.0, ""loss"": ""cross_entropy"", ""prediction_rule"": ""argmax_softmax""}","Full leave-one-domain-out, batch 32; temperature fitted on source validation only"
lodo_aptos-ddr-idrid__eyepacs_densenet121_erm-b32_s1,2026-08-20T20:23:48+00:00,COMPLETE,lodo,"[""ddr"", ""aptos"", ""idrid""]",eyepacs,densenet121,linear,erm,cross_entropy,none,224,32,1,32,0.0003,0.0001,20,20,1,False,11841,2276,35108,19,0.8810515962543178,0.477269612873594,D:\Research Code\dr_domain_generalization\outputs\checkpoints\lodo_aptos-ddr-idrid__eyepacs_densenet121_erm-b32_s1\best_qwk.pt,0.4128392419538164,0.3778419878161185,0.5829440583342828,0.3936128287677713,0.6713284721431013,0.7637860316736926,0.2362139683263074,0.7647759128952188,0.2889596377745045,1.953356645193581,0.6878136862056098,820.4,2.28,6.96,6.96,D:\Research Code\dr_domain_generalization\outputs\predictions\lodo_aptos-ddr-idrid__eyepacs_densenet121_erm-b32_s1__target_test[eyepacs]_predictions.csv,D:\Research Code\dr_domain_generalization\outputs\logs\lodo_aptos-ddr-idrid__eyepacs_densenet121_erm-b32_s1_history.csv,"{""epochs"": 20, ""batch_size"": 32, ""accumulation_steps"": 1, ""learning_rate"": 0.0003, ""head_learning_rate"": null, ""weight_decay"": 0.0001, ""warmup_epochs"": 1, ""scheduler"": ""cosine"", ""min_learning_rate"": 1e-06, ""amp"": true, ""grad_clip_norm"": 1.0, ""early_stopping_patience"": 6, ""monitor"": ""qwk"", ""monitor_mode"": ""max"", ""log_every_n_steps"": 50, ""num_classes"": 5, ""seed"": 1, ""show_progress"": true, ""effective_batch_size"": 32, ""method"": ""erm"", ""imbalance_strategy"": ""none"", ""ordinal"": false, ""domain_generalization"": ""none"", ""backbone"": ""densenet121"", ""pretrained"": true, ""head"": ""linear"", ""dropout"": 0.2, ""image_size"": 224, ""trainable_blocks"": null, ""mixstyle"": false, ""strategy"": ""none"", ""label_smoothing"": 0.0, ""loss"": ""cross_entropy"", ""prediction_rule"": ""argmax_softmax""}","Full leave-one-domain-out, batch 32; temperature fitted on source validation only"
lodo_aptos-eyepacs-idrid__ddr_densenet121_erm-b32_s2,2026-08-20T20:56:01+00:00,COMPLETE,lodo,"[""aptos"", ""idrid"", ""eyepacs""]",ddr,densenet121,linear,erm,cross_entropy,none,224,32,1,32,0.0003,0.0001,20,20,2,False,27718,5677,12424,18,0.7451583399100143,0.594152652899201,D:\Research Code\dr_domain_generalization\outputs\checkpoints\lodo_aptos-eyepacs-idrid__ddr_densenet121_erm-b32_s2\best_qwk.pt,0.7442602721350223,0.5197060660716792,0.7297971667739859,0.5626108253849356,0.448486799742434,0.8452994204764971,0.1547005795235028,0.860398747035223,0.128712379982298,1.032538117070467,0.4248874874133494,1904.8,2.2,6.96,6.96,D:\Research Code\dr_domain_generalization\outputs\predictions\lodo_aptos-eyepacs-idrid__ddr_densenet121_erm-b32_s2__target_test[ddr]_predictions.csv,D:\Research Code\dr_domain_generalization\outputs\logs\lodo_aptos-eyepacs-idrid__ddr_densenet121_erm-b32_s2_history.csv,"{""epochs"": 20, ""batch_size"": 32, ""accumulation_steps"": 1, ""learning_rate"": 0.0003, ""head_learning_rate"": null, ""weight_decay"": 0.0001, ""warmup_epochs"": 1, ""scheduler"": ""cosine"", ""min_learning_rate"": 1e-06, ""amp"": true, ""grad_clip_norm"": 1.0, ""early_stopping_patience"": 6, ""monitor"": ""qwk"", ""monitor_mode"": ""max"", ""log_every_n_steps"": 50, ""num_classes"": 5, ""seed"": 2, ""show_progress"": true, ""effective_batch_size"": 32, ""method"": ""erm"", ""imbalance_strategy"": ""none"", ""ordinal"": false, ""domain_generalization"": ""none"", ""backbone"": ""densenet121"", ""pretrained"": true, ""head"": ""linear"", ""dropout"": 0.2, ""image_size"": 224, ""trainable_blocks"": null, ""mixstyle"": false, ""strategy"": ""none"", ""label_smoothing"": 0.0, ""loss"": ""cross_entropy"", ""prediction_rule"": ""argmax_softmax""}","Full leave-one-domain-out, batch 32; temperature fitted on source validation only"
lodo_ddr-eyepacs-idrid__aptos_densenet121_erm-b32_s2,2026-08-20T21:48:45+00:00,COMPLETE,lodo,"[""ddr"", ""idrid"", ""eyepacs""]",aptos,densenet121,linear,erm,cross_entropy,none,224,32,1,32,0.0003,0.0001,20,20,2,False,33606,7201,3504,19,0.7865211337035627,0.5725372911768809,D:\Research Code\dr_domain_generalization\outputs\checkpoints\lodo_ddr-eyepacs-idrid__aptos_densenet121_erm-b32_s2\best_qwk.pt,0.8536670792665986,0.4889355768797104,0.7274543378995434,0.5142600308589935,0.3444634703196347,0.9309360730593608,0.0690639269406392,0.8208352488316322,0.1315693810463087,1.122246316162565,0.4266609973660356,3144.3,2.2,6.96,6.96,D:\Research Code\dr_domain_generalization\outputs\predictions\lodo_ddr-eyepacs-idrid__aptos_densenet121_erm-b32_s2__target_test[aptos]_predictions.csv,D:\Research Code\dr_domain_generalization\outputs\logs\lodo_ddr-eyepacs-idrid__aptos_densenet121_erm-b32_s2_history.csv,"{""epochs"": 20, ""batch_size"": 32, ""accumulation_steps"": 1, ""learning_rate"": 0.0003, ""head_learning_rate"": null, ""weight_decay"": 0.0001, ""warmup_epochs"": 1, ""scheduler"": ""cosine"", ""min_learning_rate"": 1e-06, ""amp"": true, ""grad_clip_norm"": 1.0, ""early_stopping_patience"": 6, ""monitor"": ""qwk"", ""monitor_mode"": ""max"", ""log_every_n_steps"": 50, ""num_classes"": 5, ""seed"": 2, ""show_progress"": true, ""effective_batch_size"": 32, ""method"": ""erm"", ""imbalance_strategy"": ""none"", ""ordinal"": false, ""domain_generalization"": ""none"", ""backbone"": ""densenet121"", ""pretrained"": true, ""head"": ""linear"", ""dropout"": 0.2, ""image_size"": 224, ""trainable_blocks"": null, ""mixstyle"": false, ""strategy"": ""none"", ""label_smoothing"": 0.0, ""loss"": ""cross_entropy"", ""prediction_rule"": ""argmax_softmax""}","Full leave-one-domain-out, batch 32; temperature fitted on source validation only"
lodo_aptos-ddr-eyepacs__idrid_densenet121_erm-b32_s2,2026-08-20T22:44:46+00:00,COMPLETE,lodo,"[""ddr"", ""aptos"", ""eyepacs""]",idrid,densenet121,linear,erm,cross_entropy,none,224,32,1,32,0.0003,0.0001,20,20,2,False,36080,7472,507,19,0.8029951036144287,0.5568038896999807,D:\Research Code\dr_domain_generalization\outputs\checkpoints\lodo_aptos-ddr-eyepacs__idrid_densenet121_erm-b32_s2\best_qwk.pt,0.7565765396741193,0.4751771749496244,0.5621301775147929,0.5382831400719502,0.5621301775147929,0.8875739644970414,0.1124260355029585,0.8782966284576939,0.226641341191542,1.32313474971849,0.6300585232043255,3346.1,2.2,6.96,6.96,D:\Research Code\dr_domain_generalization\outputs\predictions\lodo_aptos-ddr-eyepacs__idrid_densenet121_erm-b32_s2__target_test[idrid]_predictions.csv,D:\Research Code\dr_domain_generalization\outputs\logs\lodo_aptos-ddr-eyepacs__idrid_densenet121_erm-b32_s2_history.csv,"{""epochs"": 20, ""batch_size"": 32, ""accumulation_steps"": 1, ""learning_rate"": 0.0003, ""head_learning_rate"": null, ""weight_decay"": 0.0001, ""warmup_epochs"": 1, ""scheduler"": ""cosine"", ""min_learning_rate"": 1e-06, ""amp"": true, ""grad_clip_norm"": 1.0, ""early_stopping_patience"": 6, ""monitor"": ""qwk"", ""monitor_mode"": ""max"", ""log_every_n_steps"": 50, ""num_classes"": 5, ""seed"": 2, ""show_progress"": true, ""effective_batch_size"": 32, ""method"": ""erm"", ""imbalance_strategy"": ""none"", ""ordinal"": false, ""domain_generalization"": ""none"", ""backbone"": ""densenet121"", ""pretrained"": true, ""head"": ""linear"", ""dropout"": 0.2, ""image_size"": 224, ""trainable_blocks"": null, ""mixstyle"": false, ""strategy"": ""none"", ""label_smoothing"": 0.0, ""loss"": ""cross_entropy"", ""prediction_rule"": ""argmax_softmax""}","Full leave-one-domain-out, batch 32; temperature fitted on source validation only"
lodo_aptos-ddr-idrid__eyepacs_densenet121_erm-b32_s2,2026-08-20T23:03:57+00:00,COMPLETE,lodo,"[""ddr"", ""aptos"", ""idrid""]",eyepacs,densenet121,linear,erm,cross_entropy,none,224,32,1,32,0.0003,0.0001,20,20,2,False,11841,2276,35108,19,0.8848500887325259,0.4560235061588982,D:\Research Code\dr_domain_generalization\outputs\checkpoints\lodo_aptos-ddr-idrid__eyepacs_densenet121_erm-b32_s2\best_qwk.pt,0.4236528449876562,0.38157769317085033,0.6086077247351032,0.3946708206166466,0.6487410276859975,0.7593710835137291,0.24062891648627094,0.7693848346911673,0.2760148986841275,1.8571868038880746,0.6520390950339106,1097.7,2.28,6.96,6.96,D:\Research Code\dr_domain_generalization\outputs\predictions\lodo_aptos-ddr-idrid__eyepacs_densenet121_erm-b32_s2__target_test[eyepacs]_predictions.csv,D:\Research Code\dr_domain_generalization\outputs\logs\lodo_aptos-ddr-idrid__eyepacs_densenet121_erm-b32_s2_history.csv,"{""epochs"": 20, ""batch_size"": 32, ""accumulation_steps"": 1, ""learning_rate"": 0.0003, ""head_learning_rate"": null, ""weight_decay"": 0.0001, ""warmup_epochs"": 1, ""scheduler"": ""cosine"", ""min_learning_rate"": 1e-06, ""amp"": true, ""grad_clip_norm"": 1.0, ""early_stopping_patience"": 6, ""monitor"": ""qwk"", ""monitor_mode"": ""max"", ""log_every_n_steps"": 50, ""num_classes"": 5, ""seed"": 2, ""show_progress"": true, ""effective_batch_size"": 32, ""method"": ""erm"", ""imbalance_strategy"": ""none"", ""ordinal"": false, ""domain_generalization"": ""none"", ""backbone"": ""densenet121"", ""pretrained"": true, ""head"": ""linear"", ""dropout"": 0.2, ""image_size"": 224, ""trainable_blocks"": null, ""mixstyle"": false, ""strategy"": ""none"", ""label_smoothing"": 0.0, ""loss"": ""cross_entropy"", ""prediction_rule"": ""argmax_softmax""}","Full leave-one-domain-out, batch 32; temperature fitted on source validation only"
